name,playcount,listeners,mbid,url,streamable,tags
Coldplay,380175054,5611903,cc197bad-dc9c-440d-a5b5-d52ba2e14234,https://www.last.fm/music/Coldplay,0,"rock, alternative, britpop"
Radiohead,535118779,4936808,a74b1b7f-71a5-4011-9441-d0b5e4122711,https://www.last.fm/music/Radiohead,0,"alternative, alternative rock, rock"
Rihanna,220338509,4830869,db36a76f-4cdf-43ac-8cd0-5e48092d2bae,https://www.last.fm/music/Rihanna,0,"pop, rnb, female vocalists"
Red Hot Chili Peppers,311494659,4805037,8bfac288-ccc5-448d-9573-c33ea2aa5c30,https://www.last.fm/music/Red+Hot+Chili+Peppers,0,"rock, alternative rock, alternative"
Eminem,224674212,4767572,b95ce3ff-3d05-4e87-9e01-c97b66af13d4,https://www.last.fm/music/Eminem,0,"rap, Hip-Hop, Eminem"
Kanye West,308995456,4676051,164f0d73-1234-4e2c-8743-d77bf2191051,https://www.last.fm/music/Kanye+West,0,"Hip-Hop, rap, hip hop"
The Killers,223876718,4624912,95e1ead9-4d31-4808-a7ac-32c3614c116b,https://www.last.fm/music/The+Killers,0,"indie, rock, indie rock"
Nirvana,238914752,4475859,9282c8b4-ca0b-4c6b-b7e3-4f7762dfc4d6,https://www.last.fm/music/Nirvana,0,"Grunge, rock, alternative"
Queen,213285807,4272229,420ca290-76c5-41af-999e-564d7c71f1a7,https://www.last.fm/music/Queen,0,"classic rock, rock, 80s"
Muse,360577791,4228978,fd857293-5ab8-40de-b29e-55a69d4e4d0f,https://www.last.fm/music/Muse,0,"alternative rock, rock, alternative"
Linkin Park,313672050,4151157,f59c5520-5f46-4d2c-b2c4-822eabf53419,https://www.last.fm/music/Linkin+Park,0,"rock, Nu Metal, alternative rock"
Foo Fighters,204335311,4136782,67f66c07-6e61-4026-ade5-7e782fad3a5d,https://www.last.fm/music/Foo+Fighters,0,"rock, alternative rock, Grunge"
Lady Gaga,348890905,4119632,650e7db6-b795-4eb5-a702-5ea2fc46c848,https://www.last.fm/music/Lady+Gaga,0,"pop, dance, electronic"
Katy Perry,177148885,3997858,122d63fc-8671-43e4-9752-34e846d62a9c,https://www.last.fm/music/Katy+Perry,0,"pop, female vocalists, pop rock"
The Rolling Stones,166385338,3981474,b071f9fa-14b0-4217-8e97-eb41da73f598,https://www.last.fm/music/The+Rolling+Stones,0,"classic rock, rock, british"
Daft Punk,221689290,3971350,056e4f3e-d505-4dad-8ec1-d04f521cbb56,https://www.last.fm/music/Daft+Punk,0,"electronic, dance, House"
Green Day,202675528,3941050,084308bd-1654-436f-ba03-df6697104e19,https://www.last.fm/music/Green+Day,0,"punk rock, rock, punk"
The Beatles,559151368,3913852,b10bbbfc-cf9e-42e0-be17-e2c3e1d2600d,https://www.last.fm/music/The+Beatles,0,"classic rock, rock, british"
Beyoncé,185862004,3822410,859d0860-d480-4efd-970c-c05d5f1776b8,https://www.last.fm/music/Beyonc%C3%A9,0,"rnb, pop, female vocalists"
Gorillaz,188728575,3794729,e21857d5-3256-4547-afb3-4b6ded592596,https://www.last.fm/music/Gorillaz,0,"alternative, electronic, Hip-Hop"
Michael Jackson,141203619,3759056,f27ec8db-af05-4f36-916e-3d57f91ecf5e,https://www.last.fm/music/Michael+Jackson,0,"pop, 80s, dance"
Oasis,160532622,3753579,ecf9f3a3-35e9-4c58-acaa-e707fba45060,https://www.last.fm/music/Oasis,0,"britpop, rock, british"
Maroon 5,127519060,3735116,0ab49580-c84f-44d4-875f-d83760ea2cfe,https://www.last.fm/music/Maroon+5,0,"rock, pop, pop rock"
Arctic Monkeys,361966937,3721045,ada7a83c-e3e1-40f1-93f9-3e73dbc9298a,https://www.last.fm/music/Arctic+Monkeys,0,"indie rock, indie, british"
Drake,178582598,3665310,b49b81cc-d5b7-4bdd-aadb-385df8de69a6,https://www.last.fm/music/Drake,0,"Hip-Hop, rap, rnb"
System of a Down,238653578,3624416,cc0b7089-c08d-4c10-b6b0-873582c17fd6,https://www.last.fm/music/System+of+a+Down,0,"metal, alternative metal, rock"
U2,149921619,3614443,a3cb23fc-acd3-4ce0-8f36-1e5aa6a18432,https://www.last.fm/music/U2,0,"rock, classic rock, irish"
Black Eyed Peas,76501664,3565690,d5be5333-4171-427e-8e12-732087c6b78e,https://www.last.fm/music/Black+Eyed+Peas,0,"Hip-Hop, pop, rnb"
Kings of Leon,175097962,3555245,6ffb8ea9-2370-44d8-b678-e9237bbd347b,https://www.last.fm/music/Kings+of+Leon,0,"rock, indie, indie rock"
David Bowie,212583372,3552296,5441c29d-3602-4898-b1a1-b77fa23b8e50,https://www.last.fm/music/David+Bowie,0,"rock, glam rock, classic rock"
Britney Spears,218972975,3477014,45a663b5-b1cb-4a91-bff6-2bef7bbfdd76,https://www.last.fm/music/Britney+Spears,0,"pop, dance, female vocalists"
The Strokes,188826092,3438484,f181961b-20f7-459e-89de-920ef03c7ed0,https://www.last.fm/music/The+Strokes,0,"indie rock, rock, indie"
Lil' Wayne,84531607,3401461,,https://www.last.fm/music/Lil%27+Wayne,0,"rap, Hip-Hop, Dirty South"
Guns N' Roses,122441892,3381711,eeb1195b-f213-4ce1-b28c-8565211f8e43,https://www.last.fm/music/Guns+N%27+Roses,0,"hard rock, rock, classic rock"
Jay-Z,94124286,3365958,f82bcf78-5b69-4622-a5ef-73800768d9ac,https://www.last.fm/music/Jay-Z,0,"Hip-Hop, rap, hip hop"
The Doors,141274535,3323694,9efff43b-3b29-4082-824e-bc82f646f93d,https://www.last.fm/music/The+Doors,0,"classic rock, Psychedelic Rock, rock"
Franz Ferdinand,117183888,3301337,aa7a2827-f74b-473c-bd79-03d065835cf7,https://www.last.fm/music/Franz+Ferdinand,0,"indie, indie rock, rock"
Madonna,173775950,3297275,79239441-bfd5-4981-a70c-55c3f15c1287,https://www.last.fm/music/Madonna,0,"pop, dance, female vocalists"
Pink Floyd,336915673,3271838,83d91898-7763-47d7-b03b-b92132375c47,https://www.last.fm/music/Pink+Floyd,0,"Progressive rock, classic rock, Psychedelic Rock"
Weezer,116577215,3206884,6fe07aa5-fec0-4eca-a456-f29bff451b04,https://www.last.fm/music/Weezer,0,"rock, alternative, alternative rock"
blink-182,189854621,3133106,0743b15a-3c32-48c8-ad58-cb325350befa,https://www.last.fm/music/blink-182,0,"punk rock, pop punk, punk"
The Cure,171127267,3109605,69ee3720-a7cb-4402-b48d-a02c366f2bcf,https://www.last.fm/music/The+Cure,0,"post-punk, new wave, alternative"
Led Zeppelin,201239865,3100581,d6e0e274-8e19-44ce-b5b2-52c12f8a674a,https://www.last.fm/music/Led+Zeppelin,0,"classic rock, rock, hard rock"
The White Stripes,132511178,3097402,11ae9fbb-f3d7-4a47-936f-4c0a04d3b3b5,https://www.last.fm/music/The+White+Stripes,0,"rock, alternative, alternative rock"
Snow Patrol,91828415,3076855,a66999a7-ae5c-460e-ba94-1a01143ae847,https://www.last.fm/music/Snow+Patrol,0,"indie, alternative, rock"
Adele,136585934,3045006,cc2c9c3c-b7bc-4b8b-84d8-4fbd8779e493,https://www.last.fm/music/Adele,0,"soul, female vocalists, british"
Metallica,297697769,3040127,65f4f0c5-ef9e-490c-aee3-909e7ae6b2ab,https://www.last.fm/music/Metallica,0,"thrash metal, metal, heavy metal"
Beck,107767222,3039033,a8baaa41-50f1-4f63-979e-717c14979dfb,https://www.last.fm/music/Beck,0,"alternative, indie, rock"
Aerosmith,76366722,3034674,3d2b98e5-556f-4451-a3ff-c50ea18d57cb,https://www.last.fm/music/Aerosmith,0,"rock, classic rock, hard rock"
R.E.M.,99625371,3016306,ea4dfa26-f633-4da6-a52a-f49ea4897b58,https://www.last.fm/music/R.E.M.,0,"rock, alternative rock, alternative"
The Offspring,130017943,3012182,23a03e33-a603-404e-bcbf-2c00159d7067,https://www.last.fm/music/The+Offspring,0,"punk rock, punk, rock"
Blur,95805301,3007729,ba853904-ae25-4ebb-89d6-c44cfbd71bd2,https://www.last.fm/music/Blur,0,"britpop, rock, indie"
Justin Timberlake,78820395,2989881,596ffa74-3d08-44ef-b113-765d43d12738,https://www.last.fm/music/Justin+Timberlake,0,"pop, rnb, dance"
MGMT,105832000,2980369,c485632c-b784-4ee9-8ea1-c5fb365681fc,https://www.last.fm/music/MGMT,0,"electronic, indie, psychedelic"
David Guetta,95592106,2973321,302bd7b9-d012-4360-897a-93b00c855680,https://www.last.fm/music/David+Guetta,0,"House, dance, electronic"
Rage Against the Machine,96882259,2963240,3798b104-01cb-484c-a3b0-56adc6399b80,https://www.last.fm/music/Rage+Against+the+Machine,0,"rock, alternative rock, alternative"
The Smashing Pumpkins,134120256,2941414,ba0d6274-db14-4ef5-b28d-657ebde1a396,https://www.last.fm/music/The+Smashing+Pumpkins,0,"alternative rock, rock, alternative"
Death Cab for Cutie,173328978,2931529,0039c7ae-e1a7-4a7d-9b49-0cbc716821a6,https://www.last.fm/music/Death+Cab+for+Cutie,0,"indie, indie rock, alternative"
Nickelback,87230357,2924373,bc710bcf-8815-42cf-bad2-3f1d12246aeb,https://www.last.fm/music/Nickelback,0,"rock, alternative rock, hard rock"
Christina Aguilera,135749478,2921757,b202beb7-99bd-47e7-8b72-195c8d72ebdd,https://www.last.fm/music/Christina+Aguilera,0,"pop, female vocalists, soul"
Johnny Cash,110198090,2920470,d43d12a1-2dc9-4257-a2fd-0a3bb1081b86,https://www.last.fm/music/Johnny+Cash,0,"country, folk, singer-songwriter"
Fall Out Boy,158943160,2906963,516cef4d-0718-4007-9939-f9b38af3f784,https://www.last.fm/music/Fall+Out+Boy,0,"pop punk, rock, emo"
The Who,77940302,2895560,f2fa2f0c-b6d7-4d09-be35-910c110bb342,https://www.last.fm/music/The+Who,0,"classic rock, rock, british"
Jimi Hendrix,78176832,2861019,06fb1c8b-566e-4cb2-985b-b467c90781d4,https://www.last.fm/music/Jimi+Hendrix,0,"classic rock, rock, blues"
AC/DC,142874939,2844346,66c662b6-6e2f-4930-8610-912e24c63ed1,https://www.last.fm/music/AC%2FDC,0,"hard rock, classic rock, rock"
Pearl Jam,153962020,2833475,83b9cbe7-9857-49e2-ab8e-b57b01038103,https://www.last.fm/music/Pearl+Jam,0,"Grunge, rock, alternative rock"
Depeche Mode,175608640,2812269,8538e728-ca0b-4321-b7e5-cff6565dd4c0,https://www.last.fm/music/Depeche+Mode,0,"electronic, new wave, 80s"
Chris Brown,55188023,2809188,c234fa42-e6a6-443e-937e-2f4b073538a3,https://www.last.fm/music/Chris+Brown,0,"rnb, Hip-Hop, Chris Brown"
Usher,42012306,2808202,3414d446-735a-443c-931f-10634f57e5b9,https://www.last.fm/music/Usher,0,"rnb, Hip-Hop, pop"
Avril Lavigne,124655565,2802896,0103c1cc-4a09-4a5d-a344-56ad99a77193,https://www.last.fm/music/Avril+Lavigne,0,"pop, pop rock, rock"
Bob Dylan,165533610,2799608,72c536dc-7137-4477-a521-567eeb840fa8,https://www.last.fm/music/Bob+Dylan,0,"folk, singer-songwriter, classic rock"
50 Cent,42799885,2786044,8e68819d-71be-4e7d-b41d-f1df81b01d3f,https://www.last.fm/music/50+Cent,0,"rap, Hip-Hop, Gangsta Rap"
The Kooks,115367075,2745793,f82f3a3e-29c2-42ca-b589-bc5dc210fa9e,https://www.last.fm/music/The+Kooks,0,"indie, indie rock, british"
Moby,98326686,2744905,8970d868-0723-483b-a75b-51088913d3d4,https://www.last.fm/music/Moby,0,"electronic, ambient, chillout"
Elton John,59393510,2713136,b83bc61f-8451-4a5d-8b8e-7e9ed295e822,https://www.last.fm/music/Elton+John,0,"pop, classic rock, singer-songwriter"
Placebo,194397302,2708956,979a39b4-2df9-4767-a3ca-7940e8aff05a,https://www.last.fm/music/Placebo,0,"alternative rock, alternative, rock"
OutKast,55430183,2693028,73fdb566-a9b1-494c-9f32-51768ec9fd27,https://www.last.fm/music/OutKast,0,"Hip-Hop, rap, funk"
Arcade Fire,192617837,2682885,52074ba6-e495-4ef3-9bb4-0703888a9f68,https://www.last.fm/music/Arcade+Fire,0,"indie, indie rock, alternative"
Paramore,202061163,2669451,728ea90d-279b-4201-a8c4-597830883150,https://www.last.fm/music/Paramore,0,"rock, pop punk, alternative"
Kid Cudi,83175555,2665855,e0e1db18-f7ba-4dee-95ff-7ae8cf545460,https://www.last.fm/music/Kid+Cudi,0,"Hip-Hop, rap, alternative rap"
Massive Attack,123026178,2662655,10adbe5e-a2c0-4bf3-8249-2b4cbf6e6ca8,https://www.last.fm/music/Massive+Attack,0,"trip-hop, electronic, chillout"
P!nk,75785915,2654708,f4d5cc07-3bc9-4836-9b15-88a08359bc63,https://www.last.fm/music/P%21nk,0,"pop, pop rock, female vocalists"
Amy Winehouse,100616581,2653523,dfe9a7c4-8cf2-47f4-9dcb-d233c2b86ec3,https://www.last.fm/music/Amy+Winehouse,0,"soul, jazz, female vocalists"
Ke$ha,103149183,2652888,fab34286-b8e1-4879-bce3-194e1358fbd2,https://www.last.fm/music/Ke$ha,0,"pop, dance, electropop"
Snoop Dogg,42442106,2648108,f90e8b26-9e52-4669-a5c9-e28529c47894,https://www.last.fm/music/Snoop+Dogg,0,"Hip-Hop, rap, Gangsta Rap"
Mariah Carey,92998373,2635755,494e8d09-f85b-4543-892f-a5096aed1cd4,https://www.last.fm/music/Mariah+Carey,0,"pop, rnb, female vocalists"
Korn,137794732,2634253,ac865b2e-bba8-4f5a-8756-dd40d5e39f46,https://www.last.fm/music/Korn,0,"Nu Metal, metal, alternative"
Yeah Yeah Yeahs,90057204,2590893,584c04d2-4acc-491b-8a0a-e63133f4bfc4,https://www.last.fm/music/Yeah+Yeah+Yeahs,0,"indie, indie rock, female vocalists"
John Mayer,119227260,2588618,8a81edd9-6f62-4ac7-afee-17dc0fec5fe7,https://www.last.fm/music/John+Mayer,0,"singer-songwriter, acoustic, rock"
The Beach Boys,77705845,2587810,ebfc1398-8d96-47e3-82c3-f782abcdb13d,https://www.last.fm/music/The+Beach+Boys,0,"classic rock, 60s, pop"
Queens of the Stone Age,150484716,2586041,7dc8f5bd-9d0b-4087-9f73-dc164950bbd8,https://www.last.fm/music/Queens+of+the+Stone+Age,0,"Stoner Rock, rock, alternative rock"
Black Sabbath,108873917,2577337,5182c1d9-c7d2-4dad-afa0-ccfeada921a8,https://www.last.fm/music/Black+Sabbath,0,"heavy metal, hard rock, classic rock"
Kelly Clarkson,68656556,2569225,d339efbb-77b9-4147-ba9e-59f2f24550b2,https://www.last.fm/music/Kelly+Clarkson,0,"pop, female vocalists, pop rock"
Florence + the Machine,182727236,2562222,5fee3020-513b-48c2-b1f7-4681b01db0c6,https://www.last.fm/music/Florence+%252B+the+Machine,0,"indie, female vocalists, alternative"
Papa Roach,82707837,2554076,c5eb9407-caeb-4303-b383-6929aa94021c,https://www.last.fm/music/Papa+Roach,0,"rock, Nu Metal, alternative rock"
Elvis Presley,76542229,2545168,01809552-4f87-45b0-afff-2c6f0730a3be,https://www.last.fm/music/Elvis+Presley,0,"rock n roll, classic rock, rock"
Frank Sinatra,72441183,2531084,197450cd-0124-4164-b723-3c22dd16494d,https://www.last.fm/music/Frank+Sinatra,0,"jazz, swing, oldies"
Taylor Swift,283199206,2530149,20244d07-534f-4eff-b4d4-930878889970,https://www.last.fm/music/Taylor+Swift,0,"country, pop, female vocalists"
My Chemical Romance,140857799,2529943,c07f0676-9143-4217-8a9f-4c26bd636f13,https://www.last.fm/music/My+Chemical+Romance,0,"rock, emo, alternative"
Shakira,75992143,2521196,bf24ca37-25f4-4e34-9aec-460b94364cfc,https://www.last.fm/music/Shakira,0,"pop, latin, female vocalists"
Eric Clapton,54280902,2517738,618b6900-0618-4f1e-b835-bccb17f84294,https://www.last.fm/music/Eric+Clapton,0,"classic rock, blues, rock"
Creedence Clearwater Revival,64409628,2500291,44c48a1b-defd-4222-bee6-03f9ee9a7be9,https://www.last.fm/music/Creedence+Clearwater+Revival,0,"classic rock, rock, Southern Rock"
Bon Jovi,68410209,2496225,5dcdb5eb-cb72-4e6e-9e63-b7bace604965,https://www.last.fm/music/Bon+Jovi,0,"rock, hard rock, classic rock"
Simon & Garfunkel,67927850,2491387,5d02f264-e225-41ff-83f7-d9b1f0b1874a,https://www.last.fm/music/Simon+&+Garfunkel,0,"folk, classic rock, singer-songwriter"
The Clash,88611538,2488181,8f92558c-2baa-4758-8c38-615519e9deda,https://www.last.fm/music/The+Clash,0,"punk, punk rock, british"
Alicia Keys,54481155,2484087,8ef1df30-ae4f-4dbd-9351-1a32b208a01e,https://www.last.fm/music/Alicia+Keys,0,"soul, rnb, female vocalists"
Modest Mouse,129708733,2478378,a96ac800-bfcb-412a-8a63-0a98df600700,https://www.last.fm/music/Modest+Mouse,0,"indie, indie rock, alternative"
Evanescence,107922804,2474723,f4a31f0a-51dd-4fa7-986d-3095c40c5ed9,https://www.last.fm/music/Evanescence,0,"rock, Gothic Rock, female vocalists"
Slipknot,140458532,2464580,ceb7b6be-1dbb-4d80-b157-5588bc884764,https://www.last.fm/music/Slipknot,0,"Nu Metal, metal, heavy metal"
Disturbed,112804961,2463005,dc75517c-d268-486d-bd5b-0eaff34eeef9,https://www.last.fm/music/Disturbed,0,"metal, Nu Metal, hard rock"
Dr. Dre,42582150,2461794,5f6ab597-f57a-40da-be9e-adad48708203,https://www.last.fm/music/Dr.+Dre,0,"Hip-Hop, rap, Gangsta Rap"
Pixies,109342251,2460746,b6b2bb8d-54a9-491f-9607-7b546023b433,https://www.last.fm/music/Pixies,0,"alternative, indie, rock"
The Smiths,173893175,2460546,40f5d9e4-2de7-4f2d-ad41-e31a9a9fea27,https://www.last.fm/music/The+Smiths,0,"indie, 80s, post-punk"
OneRepublic,68532519,2446544,c33c2065-b1c3-4406-b066-d33a9e2ea71a,https://www.last.fm/music/OneRepublic,0,"rock, pop rock, alternative"
The Police,49010656,2437328,9e0e2b01-41db-4008-bd8b-988977d6019a,https://www.last.fm/music/The+Police,0,"rock, classic rock, 80s"
Calvin Harris,82648453,2430207,8dd98bdc-80ec-4e93-8509-2f46bafc09a7,https://www.last.fm/music/Calvin+Harris,0,"electronic, dance, electro"
The Shins,90762899,2425530,6c8b9855-ba8b-48f9-ac1d-42167f7f7b18,https://www.last.fm/music/The+Shins,0,"indie, indie rock, indie pop"
Panic! at the Disco,127568033,2417530,b9472588-93f3-4922-a1a2-74082cdf9ce8,https://www.last.fm/music/Panic%21+at+the+Disco,0,"rock, alternative, emo"
The Cranberries,62102499,2406225,c98d40fd-f6cf-4b26-883e-eaa515ee2851,https://www.last.fm/music/The+Cranberries,0,"rock, alternative, female vocalists"
Limp Bizkit,77271156,2386578,8f9d6bb2-dba4-4cca-9967-cc02b9f4820c,https://www.last.fm/music/Limp+Bizkit,0,"Nu Metal, rapcore, rock"
Jason Mraz,64463556,2379741,82eb8936-7bf6-4577-8320-a2639465206d,https://www.last.fm/music/Jason+Mraz,0,"singer-songwriter, acoustic, pop"
Nelly Furtado,45450208,2376360,13655113-cd16-4b43-9dca-cadbbf26ee05,https://www.last.fm/music/Nelly+Furtado,0,"pop, female vocalists, Canadian"
Beastie Boys,78753232,2365185,9beb62b2-88db-4cea-801e-162cd344ee53,https://www.last.fm/music/Beastie+Boys,0,"Hip-Hop, rap, alternative"
Interpol,127158747,2359617,c44ff8d1-8c81-45c8-abd6-5feefb07b764,https://www.last.fm/music/Interpol,0,"indie, indie rock, post-punk"
Fleetwood Mac,80841935,2358874,bd13909f-1c29-4c27-a874-d4aaf27c5b1a,https://www.last.fm/music/Fleetwood+Mac,0,"classic rock, rock, 70s"
Wiz Khalifa,48035890,2341376,f5dfa020-ad69-41cd-b3d4-fd7af0414e94,https://www.last.fm/music/Wiz+Khalifa,0,"Hip-Hop, rap, underground hip-hop"
Sum 41,92866662,2338841,f2eef649-a6d5-4114-afba-e50ab26254d2,https://www.last.fm/music/Sum+41,0,"punk rock, punk, pop punk"
Three Days Grace,88051604,2337407,fabb37f8-eb2a-4cc1-a72a-b56935bbb72d,https://www.last.fm/music/Three+Days+Grace,0,"alternative rock, rock, alternative"
Vampire Weekend,110565368,2327548,af37c51c-0790-4a29-b995-456f98a6b8c9,https://www.last.fm/music/Vampire+Weekend,0,"indie, indie rock, indie pop"
Marilyn Manson,128971034,2326323,80cadd99-f560-41e3-babd-16292bbd248a,https://www.last.fm/music/Marilyn+Manson,0,"industrial, industrial metal, metal"
2Pac,61526886,2321400,382f1005-e9ab-4684-afd4-0bdae4ee37f2,https://www.last.fm/music/2Pac,0,"rap, Hip-Hop, Gangsta Rap"
Sia,90133262,2321036,2f548675-008d-4332-876c-108b0c7ab9c5,https://www.last.fm/music/Sia,0,"female vocalists, chillout, indie"
Stevie Wonder,46238072,2315847,c1aa2ec9-53e7-4d90-8d36-bac75832e986,https://www.last.fm/music/Stevie+Wonder,0,"soul, funk, motown"
John Lennon,40305518,2314359,4d5447d7-c61c-4120-ba1b-d7f471d385b9,https://www.last.fm/music/John+Lennon,0,"classic rock, rock, singer-songwriter"
The Prodigy,103717935,2300591,4a4ee089-93b1-4470-af9a-6ff575d32704,https://www.last.fm/music/The+Prodigy,0,"electronic, techno, industrial"
Björk,123045219,2298495,87c5dedd-371d-4a53-9f7f-80522fb7f3cb,https://www.last.fm/music/Bj%C3%B6rk,0,"electronic, alternative, experimental"
Bruce Springsteen,85765453,2293244,70248960-cb53-4ea4-943a-edb18f7d336f,https://www.last.fm/music/Bruce+Springsteen,0,"rock, classic rock, singer-songwriter"
Gwen Stefani,34043781,2291850,2e41ae9c-afd2-4f20-8f1e-17281ce9b472,https://www.last.fm/music/Gwen+Stefani,0,"pop, female vocalists, dance"
Miley Cyrus,83928512,2290272,7e9bd05a-117f-4cce-87bc-e011527a8b18,https://www.last.fm/music/Miley+Cyrus,0,"pop, female vocalists, Disney"
The Black Keys,138118138,2289958,d15721d8-56b4-453d-b506-fc915b14cba2,https://www.last.fm/music/The+Black+Keys,0,"blues rock, blues, rock"
Lily Allen,72604842,2282240,6e0c7c0e-cba5-4c2c-a652-38f71ef5785d,https://www.last.fm/music/Lily+Allen,0,"pop, female vocalists, british"
Nine Inch Nails,189370192,2276685,b7ffd2af-418f-4be2-bdd1-22f8b48613da,https://www.last.fm/music/Nine+Inch+Nails,0,"industrial, industrial rock, rock"
Flo Rida,34321862,2272583,4593d49a-7f67-46ba-9ec0-126bd676286f,https://www.last.fm/music/Flo+Rida,0,"Hip-Hop, rap, hip hop"
Dire Straits,60457711,2258248,614e3804-7d34-41ba-857f-811bad7c2b7a,https://www.last.fm/music/Dire+Straits,0,"classic rock, rock, 80s"
Nicki Minaj,85190107,2254618,1036b808-f58c-4a3e-b461-a2c4492ecf1b,https://www.last.fm/music/Nicki+Minaj,0,"Hip-Hop, rap, rnb"
Jennifer Lopez,37818276,2225111,f0602f55-1770-483d-89bd-4bae0d0ac086,https://www.last.fm/music/Jennifer+Lopez,0,"pop, latin, rnb"
The Kinks,54914115,2223891,f53888c9-8bdc-4cc3-b2ab-ddab6bc5afb7,https://www.last.fm/music/The+Kinks,0,"classic rock, 60s, rock"
Deep Purple,55907721,2217351,79491354-3d83-40e3-9d8e-7592d58d790a,https://www.last.fm/music/Deep+Purple,0,"hard rock, classic rock, rock"
Eagles,38326980,2211489,f46bd570-5768-462e-b84c-c7c993bbf47e,https://www.last.fm/music/Eagles,0,"classic rock, rock, 70s"
The Notorious B.I.G.,44769252,2204366,d5d97b2b-b83b-4976-814a-056d9076c8c3,https://www.last.fm/music/The+Notorious+B.I.G.,0,"Hip-Hop, rap, Gangsta Rap"
Iron Maiden,176344498,2190974,ca891d65-d9b0-4258-89f7-e6ba29d83767,https://www.last.fm/music/Iron+Maiden,0,"heavy metal, metal, NWOBHM"
Jimmy Eat World,73114522,2182200,bbc5b66b-d037-4f26-aecf-0b129e7f876a,https://www.last.fm/music/Jimmy+Eat+World,0,"rock, alternative, emo"
Portishead,87546174,2169049,8f6bd1e4-fbe1-4f50-aa9b-94c450ec0f11,https://www.last.fm/music/Portishead,0,"trip-hop, electronic, female vocalists"
The Pussycat Dolls,31312390,2162686,1fda852b-92e9-4562-82fa-c52820a77b23,https://www.last.fm/music/The+Pussycat+Dolls,0,"pop, rnb, dance"
Lana Del Rey,276147149,2152854,b7539c32-53e7-4908-bda3-81449c367da6,https://www.last.fm/music/Lana+Del+Rey,0,"female vocalists, indie, indie pop"
The Verve,36063205,2147183,d4d17620-fd97-4574-92a8-a2cb7e72ce42,https://www.last.fm/music/The+Verve,0,"britpop, rock, alternative"
Pitbull,36133276,2133207,d262ea27-3ffe-40f7-b922-85c42d625e67,https://www.last.fm/music/Pitbull,0,"Hip-Hop, rap, Reggaeton"
Phoenix,82055069,2130086,ec5bae34-cd8d-47cb-aa66-60bc0fdce77b,https://www.last.fm/music/Phoenix,0,"indie, french, indie pop"
Bon Iver,132156094,2124039,437a0e49-c6ae-42f6-a6c1-84f25ed366bc,https://www.last.fm/music/Bon+Iver,0,"folk, indie, singer-songwriter"
Ellie Goulding,90722505,2123588,33ca19f4-18c8-4411-98df-ac23890ce9f5,https://www.last.fm/music/Ellie+Goulding,0,"female vocalists, electronic, british"
Sufjan Stevens,138801345,2114179,01d3c51b-9b98-418a-8d8e-37f6fab59d8c,https://www.last.fm/music/Sufjan+Stevens,0,"indie, folk, singer-songwriter"
No Doubt,43297206,2110596,fbd2a255-1d57-4d31-ac11-65b671c19958,https://www.last.fm/music/No+Doubt,0,"rock, pop, ska"
Joy Division,108449524,2109936,9a58fda3-f4ed-4080-a3a5-f457aac9fcdd,https://www.last.fm/music/Joy+Division,0,"post-punk, new wave, 80s"
Rise Against,147731672,2102594,606bf117-494f-4864-891f-09d63ff6aa4b,https://www.last.fm/music/Rise+Against,0,"punk rock, punk, melodic hardcore"
The Velvet Underground,67005929,2099731,94b0fb9d-a066-4823-b2ec-af1d324bcfcf,https://www.last.fm/music/The+Velvet+Underground,0,"rock, classic rock, psychedelic"
Nas,54711407,2069601,cfbc0924-0035-4d6c-8197-f024653af823,https://www.last.fm/music/Nas,0,"Hip-Hop, rap, hip hop"
Marvin Gaye,36119259,2068114,afdb7919-059d-43c1-b668-ba1d265e7e42,https://www.last.fm/music/Marvin+Gaye,0,"soul, motown, funk"
Kylie Minogue,77485052,2066174,2fddb92d-24b2-46a5-bf28-3aed46f4684c,https://www.last.fm/music/Kylie+Minogue,0,"pop, dance, female vocalists"
M83,88881507,2049214,6d7b7cd4-254b-4c25-83f6-dd20f98ceacd,https://www.last.fm/music/M83,0,"electronic, shoegaze, post-rock"
Bruno Mars,60918527,2047251,afb680f2-b6eb-4cd7-a70b-a63b25c763d5,https://www.last.fm/music/Bruno+Mars,0,"pop, rnb, male vocalists"
Bob Marley & The Wailers,66418207,2046010,ed2ac1e9-d51d-4eff-a2c2-85e81abd6360,https://www.last.fm/music/Bob+Marley+&+The+Wailers,0,"reggae, roots reggae, ska"
Lynyrd Skynyrd,33758180,2035201,c544ed4d-2390-4442-a83e-1ea2883b09c8,https://www.last.fm/music/Lynyrd+Skynyrd,0,"classic rock, Southern Rock, rock"
The xx,147893988,2029483,c5c2ea1c-4bde-4f4d-bd0b-47b200bf99d6,https://www.last.fm/music/The+xx,0,"indie, electronic, british"
Alice in Chains,87462074,2028134,4bd95eea-b9f6-4d70-a36c-cfea77431553,https://www.last.fm/music/Alice+in+Chains,0,"Grunge, rock, alternative rock"
Jason Derülo,30236321,2023601,6de0f914-3e60-4418-be3b-42e0feb6eb4d,https://www.last.fm/music/Jason+Der%C3%BClo,0,"rnb, pop, male vocalists"
Soundgarden,49480511,1978983,153c9281-268f-4cf3-8938-f5a4593e5df4,https://www.last.fm/music/Soundgarden,0,"Grunge, rock, alternative rock"
Train,29163761,1955974,e273f427-3287-472d-84fe-1a9f2f91e5e2,https://www.last.fm/music/Train,0,"rock, alternative rock, alternative"
Phil Collins,33916425,1952816,401c3991-b76b-499d-8082-9f2df958ef78,https://www.last.fm/music/Phil+Collins,0,"pop, 80s, rock"
New Order,60349689,1946666,f1106b17-dcbb-45f6-b938-199ccfab50cc,https://www.last.fm/music/New+Order,0,"new wave, electronic, post-punk"
M.I.A.,61856460,1944688,b22d45dd-deae-4663-a782-542db02e25cf,https://www.last.fm/music/M.I.A.,0,"Hip-Hop, electronic, female vocalists"
Fergie,23732565,1943967,4f9675d2-f6d5-486c-9b26-33dcca998500,https://www.last.fm/music/Fergie,0,"pop, rnb, female vocalists"
Billy Joel,38206365,1938630,64b94289-9474-4d43-8c93-918ccc1920d1,https://www.last.fm/music/Billy+Joel,0,"classic rock, singer-songwriter, rock"
Alanis Morissette,49792314,1937136,4bdcee62-4902-4773-8cd1-e252e2e31225,https://www.last.fm/music/Alanis+Morissette,0,"female vocalists, rock, alternative"
Foster the People,63181424,1934981,e0e1a584-dd0a-4bd1-88d1-c4c62895039d,https://www.last.fm/music/Foster+the+People,0,"indie, indie pop, alternative"
Destiny's Child,24679092,1933099,a796b92e-c137-4895-9c89-10f900617a4f,https://www.last.fm/music/Destiny%27s+Child,0,"rnb, pop, female vocalists"
Bright Eyes,90412087,1917828,78f797e3-4913-4026-aad0-1cd858bd735b,https://www.last.fm/music/Bright+Eyes,0,"indie, singer-songwriter, folk"
Nina Simone,43635641,1907434,2944824d-4c26-476f-a981-be849081942f,https://www.last.fm/music/Nina+Simone,0,"jazz, soul, female vocalists"
Rammstein,182681339,1907025,b2d122f9-eadb-4930-a196-8f221eeb0c66,https://www.last.fm/music/Rammstein,0,"industrial metal, metal, industrial"
John Legend,33772871,1902544,75a72702-a5ef-4513-bca5-c5b944903546,https://www.last.fm/music/John+Legend,0,"soul, rnb, Neo-Soul"
Mumford & Sons,102987540,1899975,c44e9c22-ef82-4a77-9bcd-af6c958446d6,https://www.last.fm/music/Mumford+&+Sons,0,"folk, indie, british"
Van Halen,40760991,1896589,b665b768-0d83-4363-950c-31ed39317c15,https://www.last.fm/music/Van+Halen,0,"hard rock, classic rock, rock"
Regina Spektor,88937283,1896575,fbb375f9-48bb-4635-824e-4120273b3ba7,https://www.last.fm/music/Regina+Spektor,0,"female vocalists, indie, singer-songwriter"
Ozzy Osbourne,51029334,1895743,8aa5b65a-5b3c-4029-92bf-47a544356934,https://www.last.fm/music/Ozzy+Osbourne,0,"heavy metal, hard rock, metal"
Ed Sheeran,104833094,1894612,b8a7c51f-362c-4dcb-a259-bc6e0095f0a6,https://www.last.fm/music/Ed+Sheeran,0,"acoustic, british, singer-songwriter"
Justin Bieber,65300555,1871110,e0140a67-e4d1-4f13-8a01-364355bee46e,https://www.last.fm/music/Justin+Bieber,0,"pop, black metal, justin bieber"
Aretha Franklin,28777341,1863755,2f9ecbed-27be-40e6-abca-6de49d50299e,https://www.last.fm/music/Aretha+Franklin,0,"soul, female vocalists, jazz"
Neil Young,69443107,1862017,75167b8b-44e4-407b-9d35-effe87b223cf,https://www.last.fm/music/Neil+Young,0,"classic rock, singer-songwriter, rock"
Imagine Dragons,94931562,1857041,012151a8-0f9a-44c9-997f-ebd68b5389f9,https://www.last.fm/music/Imagine+Dragons,0,"indie, indie rock, alternative"
Prince,47037233,1854169,cdc0fff7-54cf-4052-a283-319b648670fd,https://www.last.fm/music/Prince,0,"funk, pop, soul"
ABBA,51098577,1848448,d87e52c5-bb8d-4da8-b941-9f4928627dc8,https://www.last.fm/music/ABBA,0,"pop, Disco, 70s"
Two Door Cinema Club,72171499,1835223,6f1de078-6684-4792-820d-2ffad64c15ed,https://www.last.fm/music/Two+Door+Cinema+Club,0,"indie, electronic, british"
Blondie,32947244,1829854,4d2956d1-a3f7-44bb-9a41-67563e1a0c94,https://www.last.fm/music/Blondie,0,"new wave, 80s, rock"
Journey,30056794,1814132,abd506e1-6f2b-4d6f-b937-92c267f6f88b,https://www.last.fm/music/Journey,0,"classic rock, rock, 80s"
Deftones,107251291,1811076,7527f6c2-d762-4b88-b5e2-9244f1e34c46,https://www.last.fm/music/Deftones,0,"Nu Metal, metal, alternative"
The Flaming Lips,56470656,1810049,1f43d76f-8edf-44f6-aaf1-b65f05ad9402,https://www.last.fm/music/The+Flaming+Lips,0,"indie, seen live, alternative"
The National,157059792,1807595,664c3e0e-42d8-48c1-b209-1efca19c0325,https://www.last.fm/music/The+National,0,"seen live, indie rock, indie"
Avenged Sevenfold,104303053,1779237,24e1b53c-3085-4581-8472-0b0088d2508c,https://www.last.fm/music/Avenged+Sevenfold,0,"metalcore, metal, hard rock"
Tiësto,42986200,1764775,aabb1d9f-be12-45b3-a84d-a1fc3e8181fd,https://www.last.fm/music/Ti%C3%ABsto,0,"trance, electronic, dance"
Talking Heads,56661750,1758923,a94a7155-c79d-4409-9fcf-220cb0e4dc3a,https://www.last.fm/music/Talking+Heads,0,"new wave, post-punk, 80s"
Whitney Houston,26456776,1758869,0307edfc-437c-4b48-8700-80680e66a228,https://www.last.fm/music/Whitney+Houston,0,"pop, female vocalists, soul"
J. Cole,48983853,1756610,875203e1-8e58-4b86-8dcb-7190faf411c5,https://www.last.fm/music/J.+Cole,0,"Hip-Hop, rap, underground hip-hop"
Elliott Smith,107856992,1754719,03ad1736-b7c9-412a-b442-82536d63a5c4,https://www.last.fm/music/Elliott+Smith,0,"singer-songwriter, indie, folk"
Van Morrison,35607796,1751663,a41ac10f-0a56-4672-9161-b83f9b223559,https://www.last.fm/music/Van+Morrison,0,"classic rock, singer-songwriter, folk"
Scorpions,54357675,1746560,c3cceeed-3332-4cf0-8c4c-bbde425147b6,https://www.last.fm/music/Scorpions,0,"hard rock, classic rock, rock"
a-ha,30385616,1746157,7364dea6-ca9a-48e3-be01-b44ad0d19897,https://www.last.fm/music/a-ha,0,"80s, pop, new wave"
Kendrick Lamar,134500203,1734698,381086ea-f511-4aba-bdf9-71c753dc5077,https://www.last.fm/music/Kendrick+Lamar,0,"Hip-Hop, rap, seen live"
Avicii,52457448,1726699,c85cfd6b-b1e9-4a50-bd55-eb725f04f7d5,https://www.last.fm/music/Avicii,0,"House, electronic, dance"
Kiss,48658245,1722502,e1f1e33e-2e4c-4d43-b91b-7064068d3283,https://www.last.fm/music/Kiss,0,"hard rock, classic rock, glam rock"
Tool,133121865,1721140,bbfa1e12-8b61-4ed8-bc6e-52d2298f41a2,https://www.last.fm/music/Tool,0,"Progressive metal, Progressive rock, metal"
LCD Soundsystem,54143394,1715180,2aaf7396-6ab8-40f3-9776-a41c42c8e26b,https://www.last.fm/music/LCD+Soundsystem,0,"electronic, indie, seen live"
Sonic Youth,72356616,1711695,be04c6a7-f7e8-4236-8124-3883d05eb259,https://www.last.fm/music/Sonic+Youth,0,"alternative, experimental, post-punk"
Fleet Foxes,71748282,1706794,fa97dd36-1b82-43d7-a6e4-2adeafd59cef,https://www.last.fm/music/Fleet+Foxes,0,"folk, indie, folk rock"
Tyga,17436003,1706515,ce09ea31-3d4a-4487-a797-e315175457a0,https://www.last.fm/music/Tyga,0,"Hip-Hop, rap, hip hop"
Duran Duran,30643241,1706188,1a1cd7f3-e5df-4eca-bae2-2757c9e656b5,https://www.last.fm/music/Duran+Duran,0,"new wave, 80s, pop"
Lykke Li,59676600,1705838,cc7d4686-ea02-45fd-956e-94c1a322558c,https://www.last.fm/music/Lykke+Li,0,"indie pop, female vocalists, swedish"
James Brown,24364191,1674559,84783313-2a3f-4f17-ab9a-425a5d527879,https://www.last.fm/music/James+Brown,0,"funk, soul, rhythm and blues"
The Weeknd,131199815,1657577,c8b03190-306c-4120-bb0b-6f2ebfc06ea9,https://www.last.fm/music/The+Weeknd,0,"rnb, electronic, dubstep"
Electric Light Orchestra,34188823,1640242,0c502791-4ee9-4c5f-9696-0602b721ff3b,https://www.last.fm/music/Electric+Light+Orchestra,0,"classic rock, Progressive rock, rock"
Tears for Fears,26128450,1629735,7c7f9c94-dee8-4903-892b-6cf44652e2de,https://www.last.fm/music/Tears+for+Fears,0,"new wave, 80s, pop"
Aphex Twin,81264385,1627088,f22942a1-6f70-4f48-866e-238cb2308fbd,https://www.last.fm/music/Aphex+Twin,0,"electronic, idm, ambient"
Lou Reed,30976884,1621585,9d1ebcfe-4c15-4d18-95d3-d919898638a1,https://www.last.fm/music/Lou+Reed,0,"rock, classic rock, singer-songwriter"
Crystal Castles,107748684,1614351,b1570544-93ab-4b2b-8398-131735394202,https://www.last.fm/music/Crystal+Castles,0,"electronic, 8-bit, new rave"
Iggy Pop,28644918,1609801,f37b3f31-b1f8-4b88-8cb5-b34f709b17d7,https://www.last.fm/music/Iggy+Pop,0,"punk, rock, punk rock"
Cyndi Lauper,18746374,1607459,7bd9e20e-74b9-446a-a2ed-a223f82a36e7,https://www.last.fm/music/Cyndi+Lauper,0,"pop, 80s, female vocalists"
George Michael,23980571,1606338,ccb8f30e-4d71-40c4-8b1d-846dafe73e2c,https://www.last.fm/music/George+Michael,0,"pop, 80s, soul"
Eurythmics,17228289,1597350,b4d32cff-f19e-455f-86c4-f347d824ca61,https://www.last.fm/music/Eurythmics,0,"80s, new wave, pop"
Big Sean,23219526,1582245,942a9807-9c1a-4a0e-a285-1fde2c5be9d1,https://www.last.fm/music/Big+Sean,0,"Hip-Hop, rap, hip hop"
Toto,24581579,1571967,aab5c954-cabe-432e-899e-1c4f99757327,https://www.last.fm/music/Toto,0,"rock, classic rock, 80s"
Bee Gees,24952480,1567769,bf0f7e29-dfe1-416c-b5c6-f9ebc19ea810,https://www.last.fm/music/Bee+Gees,0,"Disco, pop, 70s"
Jessie J,32413007,1565771,d24fb461-dee8-41fc-bb15-2f13bb2644a6,https://www.last.fm/music/Jessie+J,0,"pop, british, female vocalists"
Foals,76295515,1559355,6a65d878-fcd0-42cf-aff9-ca1d636a8bcc,https://www.last.fm/music/Foals,0,"indie, math rock, indie rock"
Backstreet Boys,34068177,1551345,2f569e60-0a1b-4fb9-95a4-3dc1525d1aad,https://www.last.fm/music/Backstreet+Boys,0,"pop, boybands, 90s"
Hans Zimmer,78838314,1527290,e6de1f3b-6484-491c-88dd-6d619f142abc,https://www.last.fm/music/Hans+Zimmer,0,"Soundtrack, instrumental, Classical"
PJ Harvey,62916530,1526638,e795e03d-b5d5-4a5f-834d-162cfb308a2c,https://www.last.fm/music/PJ+Harvey,0,"female vocalists, alternative, rock"
Tom Waits,91370347,1507716,c3aeb863-7b26-4388-94e8-5a240f2be21b,https://www.last.fm/music/Tom+Waits,0,"blues, singer-songwriter, experimental"
Fiona Apple,44888293,1499841,a9ee533f-8871-4f62-a6bb-91eb264abc90,https://www.last.fm/music/Fiona+Apple,0,"female vocalists, singer-songwriter, alternative"
Broken Social Scene,55458591,1498612,2eada8f8-056a-4093-bbc2-004909ce743b,https://www.last.fm/music/Broken+Social+Scene,0,"indie, indie rock, Canadian"
Lorde,93369799,1476196,8e494408-8620-4c6a-82c2-c2ca4a1e4f12,https://www.last.fm/music/Lorde,0,"pop, indie pop, electronic"
Frank Ocean,124002357,1471071,e520459c-dff4-491d-a6e4-c97be35e0044,https://www.last.fm/music/Frank+Ocean,0,"rnb, soul, Hip-Hop"
Demi Lovato,70196319,1458410,faf4cefb-036c-4c88-b93a-5b03dd0a0e6b,https://www.last.fm/music/Demi+Lovato,0,"pop, pop rock, female vocalists"
Alice Cooper,33174091,1441355,ee58c59f-8e7f-4430-b8ca-236c4d3745ae,https://www.last.fm/music/Alice+Cooper,0,"hard rock, classic rock, rock"
Matchbox Twenty,26684001,1427690,75af9d25-cf32-49c0-9192-60bd8e9784e6,https://www.last.fm/music/Matchbox+Twenty,0,"rock, alternative rock, alternative"
A Tribe Called Quest,46081244,1424311,9689aa5a-4471-4fb4-9721-07cecda0fa9f,https://www.last.fm/music/A+Tribe+Called+Quest,0,"Hip-Hop, rap, hip hop"
Paul Simon,29993797,1418946,05517043-ff78-4988-9c22-88c68588ebb9,https://www.last.fm/music/Paul+Simon,0,"singer-songwriter, folk, classic rock"
Hall & Oates,18828167,1417746,debabff3-2559-46e5-862d-ef2a906d7010,https://www.last.fm/music/Hall+&+Oates,0,"80s, pop, soft rock"
Cage the Elephant,39638670,1408619,b41b38d4-ef3e-4f37-8c75-cfe9af999696,https://www.last.fm/music/Cage+the+Elephant,0,"indie rock, alternative, rock"
Major Lazer,37182781,1408414,75be165a-ad83-4d12-bd28-f589a15c479f,https://www.last.fm/music/Major+Lazer,0,"seen live, dancehall, electronic"
George Harrison,23712416,1405927,42a8f507-8412-4611-854f-926571049fa0,https://www.last.fm/music/George+Harrison,0,"classic rock, rock, singer-songwriter"
Mark Ronson,23983059,1403851,c3c82bdc-d9e7-4836-9746-c24ead47ca19,https://www.last.fm/music/Mark+Ronson,0,"funk, pop, british"
Ariana Grande,171027662,1396119,f4fdbb4c-e4b7-47a0-b83b-d91bbfcfa387,https://www.last.fm/music/Ariana+Grande,0,"pop, female vocalists, rnb"
Tame Impala,103032624,1395152,63aa26c3-d59b-4da4-84ac-716b54f1ef4d,https://www.last.fm/music/Tame+Impala,0,"Psychedelic Rock, psychedelic, indie rock"
Gucci Mane,22068297,1392091,36494952-f434-45d8-a958-8b4acdbcf8a8,https://www.last.fm/music/Gucci+Mane,0,"Hip-Hop, rap, Dirty South"
Nick Cave & The Bad Seeds,67887277,1381613,172e1f1a-504d-4488-b053-6344ba63e6d0,https://www.last.fm/music/Nick+Cave+&+The+Bad+Seeds,0,"post-punk, rock, alternative"
Neutral Milk Hotel,57540718,1366967,a506f761-2c22-4b2f-8a94-bd748c2c8f75,https://www.last.fm/music/Neutral+Milk+Hotel,0,"indie, indie rock, folk"
Pharrell Williams,17907060,1355502,149f91ef-1287-46da-9a8e-87fee02f1471,https://www.last.fm/music/Pharrell+Williams,0,"Hip-Hop, rnb, rap"
Of Monsters and Men,44359586,1351907,9e103f85-7af7-41d7-b83b-49ba8f0c5abf,https://www.last.fm/music/Of+Monsters+and+Men,0,"indie, folk, indie pop"
"Earth, Wind & Fire",18017584,1351381,535afeda-2538-435d-9dd1-5e10be586774,"https://www.last.fm/music/Earth,+Wind+&+Fire",0,"funk, soul, Disco"
Robyn,40942511,1350836,5a8e07d5-d932-4484-a7f7-e700793a9c94,https://www.last.fm/music/Robyn,0,"pop, electronic, swedish"
Beach House,81305336,1343031,d5cc67b8-1cc4-453b-96e8-44487acdebea,https://www.last.fm/music/Beach+House,0,"dream pop, seen live, indie pop"
Bill Withers,15661581,1337619,fd1a2d9d-9bb6-44de-83a3-41560658aba9,https://www.last.fm/music/Bill+Withers,0,"soul, funk, 70s"
DJ Khaled,16245963,1335692,081a2d60-9791-4e05-a075-f1890355eeee,https://www.last.fm/music/DJ+Khaled,0,"Hip-Hop, rap, hip hop"
All Time Low,66112545,1326165,62162215-b023-4f0e-84bd-1e9412d5b32c,https://www.last.fm/music/All+Time+Low,0,"pop punk, rock, powerpop"
The Temper Trap,27595683,1305203,bb6eaced-69dd-4636-829f-9f987acc4fc3,https://www.last.fm/music/The+Temper+Trap,0,"indie, indie rock, australian"
Morrissey,56822322,1285861,013fa897-86db-41d3-8e9f-386c8a34f4e6,https://www.last.fm/music/Morrissey,0,"indie, seen live, alternative"
Brand New,92058615,1279463,edcea99a-630e-4567-a5b8-21b4c4a01ae2,https://www.last.fm/music/Brand+New,0,"emo, rock, alternative"
Mac Miller,61502217,1268767,a0e8a1b1-5f8f-475a-a253-17415c17d0ff,https://www.last.fm/music/Mac+Miller,0,"Hip-Hop, rap, underground hip-hop"
Kate Bush,46775314,1267864,4b585938-f271-45e2-b19a-91c634b5e396,https://www.last.fm/music/Kate+Bush,0,"female vocalists, singer-songwriter, pop"
The Lumineers,32425277,1243761,bfcb6630-9b31-4e63-b11f-7b0363be72b5,https://www.last.fm/music/The+Lumineers,0,"folk, indie, folk rock"
Third Eye Blind,26906216,1240495,92a42e82-b36f-4308-82c1-68bad2e03c89,https://www.last.fm/music/Third+Eye+Blind,0,"rock, alternative, alternative rock"
Carly Rae Jepsen,50030906,1239582,09887aa7-226e-4ecc-9a0c-02d2ae5777e1,https://www.last.fm/music/Carly+Rae+Jepsen,0,"pop, Canadian, female vocalists"
alt-J,74436615,1229342,fc7bbf00-fbaa-4736-986b-b3ac0266ca9b,https://www.last.fm/music/alt-J,0,"indie, electronic, seen live"
One Direction,81313165,1224819,3fedf601-0039-4ba4-af53-7b6d1ff5b69a,https://www.last.fm/music/One+Direction,0,"pop, british, one direction"
Sex Pistols,22646847,1224640,e5db18cb-4b1f-496d-a308-548b611090d3,https://www.last.fm/music/Sex+Pistols,0,"punk, punk rock, british"
Blue Öyster Cult,19598920,1221188,c7423e0c-ab3e-4ab4-be10-cdff5a9d3062,https://www.last.fm/music/Blue+%C3%96yster+Cult,0,"classic rock, hard rock, rock"
Selena Gomez,67066870,1203783,e4bc69e2-a064-4f93-ada1-f7f209cc1cc3,https://www.last.fm/music/Selena+Gomez,0,"pop, female vocalists, Disney"
Bastille,47401708,1201753,fefe1208-5d8c-48a7-9b6c-2f5ffb62b063,https://www.last.fm/music/Bastille,0,"indie, electronic, alternative"
Bring Me the Horizon,98831561,1198866,074e3847-f67f-49f9-81f1-8c8cea147e8e,https://www.last.fm/music/Bring+Me+the+Horizon,0,"deathcore, metalcore, hardcore"
Childish Gambino,67978326,1179662,7fb57fba-a6ef-44c2-abab-2fa3bdee607e,https://www.last.fm/music/Childish+Gambino,0,"Hip-Hop, rap, seen live"
Sam Smith,38466868,1172116,5a85c140-dcf9-4dd2-b2c8-aff0471549f3,https://www.last.fm/music/Sam+Smith,0,"soul, pop, british"
Yo La Tengo,43042374,1171360,3f542031-b054-454d-b57b-812fa2a81b11,https://www.last.fm/music/Yo+La+Tengo,0,"indie, indie rock, seen live"
Dusty Springfield,12810988,1166217,b896aa8c-2761-40ce-b485-0e1fffd26167,https://www.last.fm/music/Dusty+Springfield,0,"soul, female vocalists, 60s"
Paolo Nutini,24700452,1165308,24ea074c-59cc-41c5-a5de-f68c2952965f,https://www.last.fm/music/Paolo+Nutini,0,"singer-songwriter, indie, seen live"
Zedd,25717476,1156653,56c4b861-0922-4c3a-a9b9-3bfcb00f8274,https://www.last.fm/music/Zedd,0,"electronic, electro house, House"
Survivor,8697823,1149216,dded11f4-f525-4e81-b41f-4bfdf27ccf3d,https://www.last.fm/music/Survivor,0,"rock, classic rock, 80s"
A$AP Rocky,61360958,1148869,25b7b584-d952-4662-a8b9-dd8cdfbfeb64,https://www.last.fm/music/A$AP+Rocky,0,"Hip-Hop, rap, seen live"
Santigold,28935316,1147701,97b20fe3-0924-4a5f-9955-d0b5c5f9587f,https://www.last.fm/music/Santigold,0,"electronic, indie, seen live"
Seal,14184993,1146167,f053ae01-dae6-4aae-9883-e8c279fdbef4,https://www.last.fm/music/Seal,0,"soul, pop, singer-songwriter"
Tricky,29385217,1135850,5bf64d94-efd9-4334-96fd-e6197b0b02b8,https://www.last.fm/music/Tricky,0,"trip-hop, electronic, downtempo"
Disclosure,37060542,1135548,ae65c507-d9a0-4d42-9a6c-2b1f82158b9f,https://www.last.fm/music/Disclosure,0,"electronic, seen live, future garage"
Supergrass,15927857,1135385,6386ddff-0d13-4685-9f0a-a82bf022fb1c,https://www.last.fm/music/Supergrass,0,"britpop, indie, rock"
James Blake,52028210,1122905,8dc08b1f-e393-4f85-a5dd-300f7693a8b8,https://www.last.fm/music/James+Blake,0,"dubstep, electronic, experimental"
Jethro Tull,30606513,1110896,ece57992-dc2e-4f67-a269-fa43626c1a3d,https://www.last.fm/music/Jethro+Tull,0,"Progressive rock, classic rock, folk rock"
Chicago,13049356,1079864,a6825a24-05b5-4a6f-b9e6-965e30e84534,https://www.last.fm/music/Chicago,0,"classic rock, rock, 70s"
Hozier,32140355,1071938,b4691384-50c3-4afd-9988-51d3ec5db65d,https://www.last.fm/music/Hozier,0,"blues, indie, soul"
Broken Bells,24279601,1064220,62d364d2-550b-420e-b918-b3bd1e4a2efc,https://www.last.fm/music/Broken+Bells,0,"indie, experimental, indie pop"
Portugal. The Man,40090421,1060666,3599a39e-4e10-4cb5-90d4-c8a015ebc73b,https://www.last.fm/music/Portugal.+The+Man,0,"experimental, indie, seen live"
Grimes,74495808,1047040,7e5a2a59-6d9f-4a17-b7c2-e1eedb7bd222,https://www.last.fm/music/Grimes,0,"electronic, dream pop, experimental"
"Tyler, the Creator",86411844,1043648,f6beac20-5dfe-4d1f-ae02-0b0a740aafd6,"https://www.last.fm/music/Tyler,+the+Creator",0,"Hip-Hop, rap, ofwgkta"
Caribou,33771414,1026289,735e3514-a8ae-401f-af3b-6300df1b8d2c,https://www.last.fm/music/Caribou,0,"electronic, seen live, experimental"
The Red Jumpsuit Apparatus,21796838,1019077,f0e820ab-f31a-400d-9c5e-8be1c8c38726,https://www.last.fm/music/The+Red+Jumpsuit+Apparatus,0,"alternative, emo, rock"
Ace of Base,12745303,1013161,d4a1404d-e00c-4bac-b3ba-e3557f6468d6,https://www.last.fm/music/Ace+of+Base,0,"pop, dance, 90s"
Charli XCX,59458717,992926,260b6184-8828-48eb-945c-bc4cb6fc34ca,https://www.last.fm/music/Charli+XCX,0,"synthpop, pop, electronic"
Clean Bandit,21603328,990309,dacc2d64-7e59-42a8-87a9-10c53919aff2,https://www.last.fm/music/Clean+Bandit,0,"electronic, indie, experimental"
The Neighbourhood,43650839,989454,97b8d224-5660-419c-8dff-4b3bf0c33983,https://www.last.fm/music/The+Neighbourhood,0,"indie, indie rock, indie pop"
The Chainsmokers,29281677,987993,91a81925-92f9-4fc9-b897-93cf01226282,https://www.last.fm/music/The+Chainsmokers,0,"electronic, pop, House"
Grouplove,16907360,986365,d8e41375-bd8d-4e39-9da7-f0c171e97086,https://www.last.fm/music/Grouplove,0,"indie, indie rock, indie pop"
Twenty One Pilots,68788720,976063,a6c6897a-7415-4f8d-b5a5-3a5e05f3be67,https://www.last.fm/music/Twenty+One+Pilots,0,"electronic, alternative, indie"
The 1975,59354313,975879,5b6ebfe0-f72b-4902-bba9-74c8af0f1af0,https://www.last.fm/music/The+1975,0,"indie, indie rock, seen live"
Grateful Dead,34958998,967600,6faa7ca7-0d99-4a5e-bfa6-1fd5037520c6,https://www.last.fm/music/Grateful+Dead,0,"classic rock, Psychedelic Rock, psychedelic"
My Bloody Valentine,47038128,956477,8ca01f46-53ac-4af2-8516-55a909c0905e,https://www.last.fm/music/My+Bloody+Valentine,0,"shoegaze, dream pop, indie"
Metronomy,36983667,945516,93eb7110-0bc9-4d3f-816b-4b52ef982ec8,https://www.last.fm/music/Metronomy,0,"electronic, seen live, new rave"
Styx,10537725,943308,835a6d9c-fea0-4a71-ae52-9c4da946433a,https://www.last.fm/music/Styx,0,"classic rock, rock, Progressive rock"
Tove Lo,41522372,920981,56756959-1e78-429c-b897-e1d056cb0225,https://www.last.fm/music/Tove+Lo,0,"pop, swedish, electronic"
Miguel,16656985,919724,f5c1f728-4bf0-48d6-aa2b-1d2e36e2cd56,https://www.last.fm/music/Miguel,0,"rnb, soul, r&b"
Machine Head,35325166,916080,ccd57217-fe4b-406d-8e20-567d25120338,https://www.last.fm/music/Machine+Head,0,"thrash metal, metal, groove metal"
Jonas Brothers,25528556,910397,6e019bc6-5c23-4935-94f0-4a896631d846,https://www.last.fm/music/Jonas+Brothers,0,"pop, pop rock, Disney"
Simply Red,12359829,907909,a9100753-f539-43cf-bcc9-579566fb512e,https://www.last.fm/music/Simply+Red,0,"pop, 80s, soul"
Vance Joy,16629880,904667,df36f6db-5987-46ed-9d02-0cf36ed4e060,https://www.last.fm/music/Vance+Joy,0,"folk, indie, singer-songwriter"
Future,40979046,904658,9f1195cf-9900-45db-bf9c-21c205672ae0,https://www.last.fm/music/Future,0,"Hip-Hop, rap, trap"
Post Malone,61827440,904481,,https://www.last.fm/music/Post+Malone,0,"Hip-Hop, rap, trap"
Martin Garrix,17659992,903436,3e1f2ee4-16be-4406-bf18-6173840cf2b1,https://www.last.fm/music/Martin+Garrix,0,"House, electronic, dance"
Billie Eilish,71261461,899740,,https://www.last.fm/music/Billie+Eilish,0,"pop, indie pop, female vocalists"
The Jesus and Mary Chain,28229148,897202,e938a15c-b17e-4e7a-9f68-ff0d536cab44,https://www.last.fm/music/The+Jesus+and+Mary+Chain,0,"shoegaze, post-punk, alternative"
Kygo,24252001,889270,ba0e7638-0cd6-4ff4-8987-c3e224d22c23,https://www.last.fm/music/Kygo,0,"electronic, House, chillout"
Martin Solveig,9035876,883885,06db73fd-57e2-4a6f-bcd3-699fb7bb7af4,https://www.last.fm/music/Martin+Solveig,0,"House, electronic, dance"
Flume,29567420,871677,35fd8d42-b4a6-4414-9827-8766bd0daa3c,https://www.last.fm/music/Flume,0,"electronic, chillout, seen live"
Icona Pop,13018216,862141,c5f259d0-abd8-418e-81ee-3965fd4e4e9a,https://www.last.fm/music/Icona+Pop,0,"electronic, electropop, swedish"
Coheed and Cambria,51269306,858350,ae1b47d5-5128-431c-9d30-e08fd90e0767,https://www.last.fm/music/Coheed+and+Cambria,0,"Progressive rock, seen live, rock"
Iggy Azalea,31569997,849246,3a052c99-8c18-484a-8beb-9873b4fb3106,https://www.last.fm/music/Iggy+Azalea,0,"Hip-Hop, rap, pop"
Dua Lipa,63869428,845000,,https://www.last.fm/music/Dua+Lipa,0,"pop, electropop, synthpop"
Halsey,52695232,834848,,https://www.last.fm/music/Halsey,0,"pop, indie, indie pop"
Madness,13840092,833073,5f58803e-8c4c-478e-8b51-477f38483ede,https://www.last.fm/music/Madness,0,"ska, 80s, british"
CHVRCHES,41678571,828271,6a93afbb-257f-4166-b389-9f2a1e5c5df8,https://www.last.fm/music/CHVRCHES,0,"synthpop, electronic, electropop"
Shawn Mendes,37410471,827052,b7d92248-97e3-4450-8057-6fe06738f735,https://www.last.fm/music/Shawn+Mendes,0,"pop, Canadian, folk"
Diplo,10555660,818887,a56bd8f9-8ef8-4d63-89a4-794ed1360dd2,https://www.last.fm/music/Diplo,0,"electronic, Hip-Hop, seen live"
Orchestral Manoeuvres in the Dark,12310526,806954,6d072aa8-c851-49c5-92f9-cbca05f4bed9,https://www.last.fm/music/Orchestral+Manoeuvres+in+the+Dark,0,"new wave, 80s, synthpop"
HAIM,29279294,804582,aef06569-098f-4218-a577-b413944d9493,https://www.last.fm/music/HAIM,0,"indie, indie pop, seen live"
Capital Cities,12194718,795187,119a2c67-e6d6-41cf-a58c-c51b75c80daa,https://www.last.fm/music/Capital+Cities,0,"electronic, indie, electropop"
Solange,20422097,792256,ff7103c5-da9e-434d-b8aa-037424ba45ad,https://www.last.fm/music/Solange,0,"rnb, soul, female vocalists"
DJ Snake,12357187,790137,31445b1e-96f3-4c7f-84ec-dd02e647e690,https://www.last.fm/music/DJ+Snake,0,"trap, electronic, dance"
Mayday Parade,27977165,779684,39076047-fce8-44cc-a388-4f6baba4acb4,https://www.last.fm/music/Mayday+Parade,0,"pop punk, emo, rock"
Meek Mill,13646168,776728,31bcadcc-e1da-4cad-bec8-2f4f1d41b095,https://www.last.fm/music/Meek+Mill,0,"Hip-Hop, rap, meek mill"
Steve Aoki,24147002,768690,a39acc4a-985e-4173-a9ed-f325f2d3bc1c,https://www.last.fm/music/Steve+Aoki,0,"electronic, electro, seen live"
Labrinth,9577564,764761,dc99e6fd-c710-4f79-b74b-127b4d0b7849,https://www.last.fm/music/Labrinth,0,"electronic, british, rnb"
Phantogram,20859786,762263,dfe78af2-779e-4137-826a-3073a16e3278,https://www.last.fm/music/Phantogram,0,"trip-hop, electronic, indie"
Cocteau Twins,35205167,757960,000fc734-b7e1-4a01-92d1-f544261b43f5,https://www.last.fm/music/Cocteau+Twins,0,"dream pop, shoegaze, post-punk"
Silverstein,32231248,756551,d89de379-665d-425c-b2e9-41b95d1edb36,https://www.last.fm/music/Silverstein,0,"post-hardcore, screamo, emo"
Janelle Monáe,28437667,754823,ee190f6b-7d98-43ec-b924-da5f8018eca0,https://www.last.fm/music/Janelle+Mon%C3%A1e,0,"soul, rnb, female vocalists"
The Avalanches,21698536,747811,a6623d39-2d8e-4f70-8242-0a9553b91e50,https://www.last.fm/music/The+Avalanches,0,"electronic, turntablism, electronica"
The Head and the Heart,14075132,745971,98cb416e-5271-484c-ab3b-6bed6b4aae12,https://www.last.fm/music/The+Head+and+the+Heart,0,"folk, indie, alternative"
John Frusciante,42033240,740328,f1571db1-c672-4a54-a2cf-aaa329f26f0b,https://www.last.fm/music/John+Frusciante,0,"alternative, singer-songwriter, experimental"
ScHoolboy Q,26221251,738880,bce6d667-cde8-485e-b078-c0a05adea36d,https://www.last.fm/music/ScHoolboy+Q,0,"Hip-Hop, rap, underground hip-hop"
Talk Talk,12041373,719445,a74f43e4-50c4-4b19-a2ce-c05ce9bccb03,https://www.last.fm/music/Talk+Talk,0,"new wave, post-rock, 80s"
Mac DeMarco,49312319,707622,f2492c31-54a8-4347-a1fc-f81f72873bbf,https://www.last.fm/music/Mac+DeMarco,0,"Lo-Fi, indie, seen live"
Travi$ Scott,66842345,702775,e4a51f17-a57b-47b1-b37b-f552d0f8e9e6,https://www.last.fm/music/Travi$+Scott,0,"Hip-Hop, rap, trap"
Milky Chance,13429403,697690,6d230d98-fb8d-4421-a6e8-daca4e55d53e,https://www.last.fm/music/Milky+Chance,0,"indie, seen live, indie rock"
Little Mix,39098832,696605,38f59974-2f4d-4bfa-b2e3-d2696de1b675,https://www.last.fm/music/Little+Mix,0,"pop, british, female vocalists"
Slowdive,33878840,694531,a16371b9-7d36-497a-a9d4-42b0a0440c5e,https://www.last.fm/music/Slowdive,0,"shoegaze, dream pop, ambient"
MF DOOM,28704898,693648,188711ed-c99b-439c-844a-ca831f63a727,https://www.last.fm/music/MF+DOOM,0,"Hip-Hop, underground hip-hop, rap"
Starship,4541143,689451,fbf445c0-11ae-4d3e-af1a-c6e2783e447c,https://www.last.fm/music/Starship,0,"80s, rock, classic rock"
Jon Hopkins,17658684,674429,0b0c25f4-f31c-46a5-a4fb-ccbf53d663bd,https://www.last.fm/music/Jon+Hopkins,0,"ambient, electronic, downtempo"
Fugazi,28096014,672949,233fc3f3-6de2-465c-985e-e721dbabbace,https://www.last.fm/music/Fugazi,0,"post-hardcore, punk, indie"
Khalid,24422966,664247,c6bfb05d-f570-46c8-98e1-e25441189770,https://www.last.fm/music/Khalid,0,"rnb, pop, soul"
Rick James,4296843,661269,cba9cec2-be8d-41bd-91b4-a1cd7de39b0c,https://www.last.fm/music/Rick+James,0,"funk, soul, 80s"
G-Eazy,15894225,659465,db48610c-6d8f-4d10-90ca-c4d14bb1a8b1,https://www.last.fm/music/G-Eazy,0,"Hip-Hop, rap, hip hop"
Jessie Ware,19251862,653500,6ed40778-8d03-4a5c-ad35-93cf814627c9,https://www.last.fm/music/Jessie+Ware,0,"soul, pop, seen live"
James Bay,13309970,652130,6a997121-0919-482b-a91b-c6fe1b55a4b9,https://www.last.fm/music/James+Bay,0,"folk, indie, singer-songwriter"
Zayn,27037392,650012,,https://www.last.fm/music/Zayn,0,"pop, rnb, british"
Fifth Harmony,24564618,647570,e565610b-9a8f-451d-b594-ea658d76f725,https://www.last.fm/music/Fifth+Harmony,0,"pop, female vocalists, american"
Glass Animals,21710501,645562,20395131-fbde-43ce-b141-b700cfdae99c,https://www.last.fm/music/Glass+Animals,0,"electronic, seen live, trip-hop"
The Psychedelic Furs,6808750,644684,9f930ddf-be2f-4de5-a39f-7ae47305752e,https://www.last.fm/music/The+Psychedelic+Furs,0,"new wave, post-punk, 80s"
Troye Sivan,31798610,643600,e5712ceb-c37a-4c49-a11c-ccf4e21852d4,https://www.last.fm/music/Troye+Sivan,0,"pop, indie pop, male vocalists"
Marshmello,13506619,641755,,https://www.last.fm/music/Marshmello,0,"electronic, dance, trap"
Harry Styles,40930891,639423,,https://www.last.fm/music/Harry+Styles,0,"rock, pop, alternative"
Zara Larsson,15284641,635116,134e6410-6954-45d1-bd4a-0f2d2ad5471d,https://www.last.fm/music/Zara+Larsson,0,"pop, swedish, female vocalists"
Parkway Drive,47116380,631513,a436dd02-0549-4c91-b608-df451217fdeb,https://www.last.fm/music/Parkway+Drive,0,"metalcore, hardcore, seen live"
Charlie Puth,14140371,629532,525f1f1c-03f0-4bc8-8dfd-e7521f87631b,https://www.last.fm/music/Charlie+Puth,0,"pop, rnb, soul"
5 Seconds of Summer,34389747,626052,830e5c4e-6b7d-431d-86ab-00c751281dc5,https://www.last.fm/music/5+Seconds+of+Summer,0,"pop rock, pop punk, rock"
James Arthur,11178915,609575,56f62fe8-d3a0-46e0-b5df-a64a8b4b4274,https://www.last.fm/music/James+Arthur,0,"pop, british, indie"
Logic,26552216,600814,b2f45ca6-2c92-438c-b037-ad4d8b92e90e,https://www.last.fm/music/Logic,0,"Hip-Hop, rap, hip hop"
Unknown Mortal Orchestra,16691858,599975,e2305342-0bde-4a2c-aed0-4b88694834de,https://www.last.fm/music/Unknown+Mortal+Orchestra,0,"Lo-Fi, psychedelic, indie rock"
Alessia Cara,12199225,598702,,https://www.last.fm/music/Alessia+Cara,0,"pop, soul, rnb"
Television,8919409,597052,490bde43-5edb-4a93-b3b3-7a0465fd8909,https://www.last.fm/music/Television,0,"post-punk, new wave, punk"
Camila Cabello,36185609,590860,,https://www.last.fm/music/Camila+Cabello,0,"pop, female vocalists, cuba"
FKA twigs,25839401,590215,1e4e9db7-5068-4a9c-bdd0-5777e47172c8,https://www.last.fm/music/FKA+twigs,0,"trip-hop, electronic, experimental"
Father John Misty,21557263,571058,172053e5-a7fb-4548-a64d-c53858b5e775,https://www.last.fm/music/Father+John+Misty,0,"folk, seen live, indie"
Cardi B,17772769,570612,,https://www.last.fm/music/Cardi+B,0,"Hip-Hop, rap, trap"
Blood Orange,20249363,567958,e43daa78-3cf3-4cf9-bc27-af4d4e675a02,https://www.last.fm/music/Blood+Orange,0,"chillwave, indie, seen live"
Lord Huron,10803194,565677,51c76d97-0635-433c-b26d-66beb81657f8,https://www.last.fm/music/Lord+Huron,0,"folk, seen live, psychedelic"
SZA,23081785,565297,272989c8-5535-492d-a25c-9f58803e027f,https://www.last.fm/music/SZA,0,"soul, rnb, electronic"
xxxtentacion,43357597,558190,,https://www.last.fm/music/xxxtentacion,0,"Hip-Hop, rap, cloud rap"
Alan Walker,12039190,552053,,https://www.last.fm/music/Alan+Walker,0,"electronic, House, EDM"
Mount Kimbie,14523653,549310,4a3a5fc0-af4b-4990-957b-8d94f7bfe706,https://www.last.fm/music/Mount+Kimbie,0,"dubstep, electronic, ambient"
Migos,15713928,543491,0221734a-35a8-40f7-b5c5-2f61a200bc7c,https://www.last.fm/music/Migos,0,"Hip-Hop, trap, rap"
Chance the Rapper,24509059,536460,373a4c98-a46b-48e4-86ec-f6ca65b4f438,https://www.last.fm/music/Chance+the+Rapper,0,"Hip-Hop, rap, hip hop"
Rae Sremmurd,10628658,526283,c78c3026-426b-4580-ab23-08490bb8b515,https://www.last.fm/music/Rae+Sremmurd,0,"Hip-Hop, rap, seen live"
Danny Brown,26676521,522770,960afc67-9c21-46dd-9c7f-ff2b509e3150,https://www.last.fm/music/Danny+Brown,0,"Hip-Hop, rap, seen live"
Doja Cat,24485377,521170,5df62a88-cac9-490a-b62c-c7c88f4020f4,https://www.last.fm/music/Doja+Cat,0,"pop, rnb, rap"
Lauv,19275624,518608,,https://www.last.fm/music/Lauv,0,"pop, indie pop, indie"
Aly & AJ,7425809,511841,fa4ad5f5-568e-498f-ba98-9ffc18e54ff3,https://www.last.fm/music/Aly+&+AJ,0,"pop, female vocalists, pop rock"
Earl Sweatshirt,34761323,511672,8b22acd6-20e6-4463-a75c-c14b5cfdb666,https://www.last.fm/music/Earl+Sweatshirt,0,"Hip-Hop, rap, ofwgkta"
LIL UZI VERT,43981162,510857,,https://www.last.fm/music/LIL+UZI+VERT,0,"trap, Hip-Hop, rap"
Young Thug,33314297,508544,800760de-bdf8-43a2-8fe0-44a2401a5515,https://www.last.fm/music/Young+Thug,0,"Hip-Hop, rap, trap"
BØRNS,9058804,498618,b2befbb4-c585-4b05-8efa-3deebc8e1385,https://www.last.fm/music/B%C3%98RNS,0,"seen live, pop, indie pop"
Lil Nas X,11367657,495560,,https://www.last.fm/music/Lil+Nas+X,0,"Hip-Hop, rap, country rap"
Toploader,3402770,494506,3bdf9667-3205-4c5b-865b-ca3bb33fc5ac,https://www.last.fm/music/Toploader,0,"pop, britpop, rock"
J Balvin,13618303,493615,5bdeb32d-56a5-4b6d-a768-264101fa0a0a,https://www.last.fm/music/J+Balvin,0,"mierda, Brutal Death Metal, shit"
Broadcast,13011247,492175,aaae25bf-c794-45d7-bab7-cdc7c655bfa6,https://www.last.fm/music/Broadcast,0,"electronic, indie, electronica"
Hailee Steinfeld,8293935,488715,,https://www.last.fm/music/Hailee+Steinfeld,0,"pop, female vocalists, dance"
Macklemore,6975103,484631,b6d7ec94-830c-44dd-b699-ce66556b7e55,https://www.last.fm/music/Macklemore,0,"Hip-Hop, rap, underground rap"
Death Grips,49663807,480512,f9133036-ab3d-4e97-bd11-7a2c98ad148a,https://www.last.fm/music/Death+Grips,0,"Hip-Hop, experimental, experimental rap"
Jay Rock,7000729,475953,9880800a-f6f8-4f8f-a00e-b4b664776c0c,https://www.last.fm/music/Jay+Rock,0,"Hip-Hop, rap, Gangsta Rap"
Type O Negative,24182861,475497,a63df8c3-28e4-41db-bac2-c6c6e8ff8f28,https://www.last.fm/music/Type+O+Negative,0,"Gothic Metal, doom metal, metal"
Lizzo,15037540,469236,50d06c43-5392-4393-ba2d-f091d8167227,https://www.last.fm/music/Lizzo,0,"Hip-Hop, seen live, rap"
BTS,387131691,466972,0d79fe8e-ba27-4859-bb8c-2f255f346853,https://www.last.fm/music/BTS,0,"k-pop, Kpop, Korean"
BROCKHAMPTON,60640821,465963,,https://www.last.fm/music/BROCKHAMPTON,0,"Hip-Hop, rap, hip hop"
A$AP Ferg,11612251,464237,8ab5d936-49d1-415e-92c8-151e0e7dd912,https://www.last.fm/music/A$AP+Ferg,0,"Hip-Hop, rap, trap"
Machine Gun Kelly,12351723,464140,f6af669a-56ea-448a-a044-de76181ada33,https://www.last.fm/music/Machine+Gun+Kelly,0,"Hip-Hop, rap, Cleveland"
Vince Staples,20269017,460127,78e854b8-9713-4ff2-9218-6b3784893bff,https://www.last.fm/music/Vince+Staples,0,"Hip-Hop, rap, seen live"
Joey Bada$$,18491175,458922,9757ae7d-44b1-4d63-81ce-b463fe27b9ae,https://www.last.fm/music/Joey+Bada$$,0,"Hip-Hop, rap, underground hip-hop"
Ty Dolla $ign,6657079,456018,c3483e58-d700-4f08-a7ae-ad8c00011c94,https://www.last.fm/music/Ty+Dolla+$ign,0,"Hip-Hop, rap, rnb"
Juice WRLD,37807867,453202,,https://www.last.fm/music/Juice+WRLD,0,"Hip-Hop, rap, cloud rap"
Melanie Martinez,25789620,451203,0df563ec-1a79-486e-a46d-5b9862a40311,https://www.last.fm/music/Melanie+Martinez,0,"pop, indie, indie pop"
Blackbear,15886070,450785,,https://www.last.fm/music/Blackbear,0,"electronic, Hip-Hop, pop"
Joji,25860025,440802,,https://www.last.fm/music/Joji,0,"Hip-Hop, Lo-Fi, rnb"
Run the Jewels,26876659,437687,a80c5dc5-b12e-4667-9f5a-b568961f3839,https://www.last.fm/music/Run+the+Jewels,0,"Hip-Hop, seen live, rap"
Thundercat,14077952,430836,044fd265-79dd-43eb-afc4-8b20becf7e17,https://www.last.fm/music/Thundercat,0,"funk, electronic, jazz"
Tinashe,18321134,430773,396a9525-0994-4542-b480-c4587feeb476,https://www.last.fm/music/Tinashe,0,"rnb, soul, pop"
Kaytranada,12124868,427613,e56aee57-d90e-40cf-a70d-beb70f6f3c69,https://www.last.fm/music/Kaytranada,0,"Hip-Hop, electronic, seen live"
Mura Masa,7825079,415348,,https://www.last.fm/music/Mura+Masa,0,"electronic, trap, seen live"
Anderson .Paak,17827662,415315,,https://www.last.fm/music/Anderson+.Paak,0,"seen live, soul, Hip-Hop"
Kehlani,11255260,407917,,https://www.last.fm/music/Kehlani,0,"rnb, soul, Hip-Hop"
Angel Olsen,15418528,407812,185527bf-c293-4c24-8213-ed98fb8976be,https://www.last.fm/music/Angel+Olsen,0,"folk, indie folk, Lo-Fi"
The Paper Kites,5906660,400101,a9d1d9b5-968c-486d-8a97-6077885f2ab8,https://www.last.fm/music/The+Paper+Kites,0,"folk, indie, australian"
Halestorm,16437130,397446,eaed2193-e026-493b-ac57-113360407b06,https://www.last.fm/music/Halestorm,0,"hard rock, female vocalists, alternative rock"
Jhené Aiko,10094999,396369,ceb3f5b7-9f1a-430f-afbe-976fdcf30482,https://www.last.fm/music/Jhen%C3%A9+Aiko,0,"rnb, soul, pop"
PARTYNEXTDOOR,10074107,392362,f23ef341-33bd-47c1-b83c-846a78581f05,https://www.last.fm/music/PARTYNEXTDOOR,0,"rnb, r&b, soul"
Jorja Smith,9342357,390933,,https://www.last.fm/music/Jorja+Smith,0,"rnb, seen live, soul"
Freddie Gibbs,18772243,390515,21645c31-fe1c-45a4-955c-3e172b12c3f9,https://www.last.fm/music/Freddie+Gibbs,0,"Hip-Hop, rap, Gangsta Rap"
Cigarettes After Sex,14013462,389335,34557d8f-ee4a-44ab-ae6e-49bb8ac604d0,https://www.last.fm/music/Cigarettes+After+Sex,0,"dream pop, shoegaze, seen live"
Niall Horan,12577231,387431,,https://www.last.fm/music/Niall+Horan,0,"pop, irish, one direction"
Lewis Capaldi,10011640,385131,,https://www.last.fm/music/Lewis+Capaldi,0,"pop, seen live, singer-songwriter"
bazzi,9388452,384193,,https://www.last.fm/music/bazzi,0,"rnb, pop, american"
Kali Uchis,16670195,384038,,https://www.last.fm/music/Kali+Uchis,0,"rnb, Neo-Soul, soul"
21 Savage,15143103,382066,,https://www.last.fm/music/21+Savage,0,"trap, Hip-Hop, rap"
Aminé,11835412,379252,,https://www.last.fm/music/Amin%C3%A9,0,"rap, Hip-Hop, hip hop"
LIL PEEP,34316866,377552,,https://www.last.fm/music/LIL+PEEP,0,"cloud rap, emo rap, Hip-Hop"
Clairo,13463438,372915,,https://www.last.fm/music/Clairo,0,"dream pop, bedroom pop, indie pop"
Rex Orange County,14763324,371703,,https://www.last.fm/music/Rex+Orange+County,0,"rnb, indie pop, jazz"
Redbone,2487521,360068,b3fa0e6f-93db-4aa5-b76e-393e24de35ba,https://www.last.fm/music/Redbone,0,"classic rock, 70s, rock"
Honne,7286415,356955,58b599cd-b1de-45e3-863a-3b54194a0f20,https://www.last.fm/music/Honne,0,"electronic, seen live, indie"
Nothing But Thieves,12207063,356627,,https://www.last.fm/music/Nothing+But+Thieves,0,"seen live, alternative rock, rock"
Ava Max,9258051,352019,,https://www.last.fm/music/Ava+Max,0,"pop, female vocalists, electropop"
MisterWives,4380906,350644,5b6bac92-9b60-4e96-ac13-935bb6941b96,https://www.last.fm/music/MisterWives,0,"indie, pop, indie pop"
BLACKPINK,35805826,349136,,https://www.last.fm/music/BLACKPINK,0,"k-pop, Kpop, pop"
Denzel Curry,23557130,347933,5f95440d-7737-4a36-9bcf-c05337f7129b,https://www.last.fm/music/Denzel+Curry,0,"Hip-Hop, rap, cloud rap"
Parquet Courts,12784677,347308,e01755e3-58ab-4a5b-a9e9-a0a3bd3dff4c,https://www.last.fm/music/Parquet+Courts,0,"post-punk, Garage Rock, seen live"
Zella Day,4234227,346535,84f246f7-663b-40cf-a66f-336e8b314836,https://www.last.fm/music/Zella+Day,0,"pop, indie, folk"
Daniel Caesar,11742522,345317,,https://www.last.fm/music/Daniel+Caesar,0,"rnb, soul, Canadian"
Tones And I,4544434,340291,,https://www.last.fm/music/Tones+And+I,0,"pop, indie pop, australian"
Kodak Black,9424301,336344,,https://www.last.fm/music/Kodak+Black,0,"rap, Hip-Hop, trap"
Tory Lanez,7728746,336053,5b8ec72b-9e39-4a06-a2bf-964166b92a71,https://www.last.fm/music/Tory+Lanez,0,"Hip-Hop, rnb, rap"
Kiiara,3667008,335357,,https://www.last.fm/music/Kiiara,0,"pop, electronic, indie"
DaBaby,11052160,335129,,https://www.last.fm/music/DaBaby,0,"Hip-Hop, rap, trap"
Falling in Reverse,10490062,334836,e56ab1ae-1cfa-4d0e-b33b-af31bff677c7,https://www.last.fm/music/Falling+in+Reverse,0,"post-hardcore, screamo, hardcore"
Marina,17173980,329892,fe0ad4d4-391b-4f43-b02f-4d2ed0ab2b5e,https://www.last.fm/music/Marina,0,"pop, female vocalists, post-hardcore"
Megan Thee Stallion,10566491,328804,,https://www.last.fm/music/Megan+Thee+Stallion,0,"Hip-Hop, rap, trap"
Car Seat Headrest,19786987,328477,0fabbc1d-8d94-4a61-bd1d-1099ad1e4559,https://www.last.fm/music/Car+Seat+Headrest,0,"Lo-Fi, indie, seen live"
Mitski,19620266,325214,fa58cf24-0e44-421d-8519-8bf461dcfaa5,https://www.last.fm/music/Mitski,0,"seen live, indie rock, indie"
GoldLink,7031787,324349,7cb6e306-a75b-48b4-be00-2c4aa6bbe3a8,https://www.last.fm/music/GoldLink,0,"electronic, rap, Hip-Hop"
Willow,6409572,321070,c53bb734-57cb-43eb-a6d1-e4794c9b9295,https://www.last.fm/music/Willow,0,"post-rock, pop, instrumental"
Rosalía,15735228,321004,ac0ee862-a6ca-4d39-a7a4-d8460534ba30,https://www.last.fm/music/Rosal%C3%ADa,0,"Flamenco, pop, spanish"
Playboi Carti,28920248,317978,,https://www.last.fm/music/Playboi+Carti,0,"trap, Hip-Hop, cloud rap"
Max,3693242,316991,e1de6594-d5f0-4d0b-9ac4-2a22c6666cde,https://www.last.fm/music/Max,0,"j-pop, japanese, JPop"
Bryson Tiller,7547234,316957,,https://www.last.fm/music/Bryson+Tiller,0,"rnb, Hip-Hop, trap"
King Princess,7188402,316855,,https://www.last.fm/music/King+Princess,0,"pop, female vocalists, indie pop"
6ix9ine,9267944,316652,,https://www.last.fm/music/6ix9ine,0,"Hip-Hop, rap, pedophilia"
SAINt JHN,5383749,313958,,https://www.last.fm/music/SAINt+JHN,0,"Hip-Hop, rap, seen live"
DVBBS,2601651,313472,c3bba486-b24b-4a39-bc4c-b0085950afcd,https://www.last.fm/music/DVBBS,0,"House, electronic, electro house"
King Gizzard & The Lizard Wizard,21518643,312675,f58384a4-2ad2-4f24-89c5-c7b74ae1cce7,https://www.last.fm/music/King+Gizzard+&+The+Lizard+Wizard,0,"Psychedelic Rock, Garage Rock, seen live"
Khruangbin,9095950,312632,aea4c9b9-9f8d-49dc-b2ca-57d6f26e8634,https://www.last.fm/music/Khruangbin,0,"funk, psychedelic, seen live"
The Japanese House,5529067,311396,,https://www.last.fm/music/The+Japanese+House,0,"electronic, indie, indie pop"
Phoebe Bridgers,11529850,301914,,https://www.last.fm/music/Phoebe+Bridgers,0,"folk, singer-songwriter, indie"
Roddy Ricch,8615641,301030,,https://www.last.fm/music/Roddy+Ricch,0,"Hip-Hop, rap, trap"
Jaymes Young,4776399,300647,1c494195-f8b9-456f-8516-42695bfae57b,https://www.last.fm/music/Jaymes+Young,0,"indie, alternative, Experimental Rock"
Axwell /\ Ingrosso,3606275,300487,,https://www.last.fm/music/Axwell+%2F%5C+Ingrosso,0,"dance, swedish, House"
Russ,6580515,299431,,https://www.last.fm/music/Russ,0,"Hip-Hop, rap, rnb"
H.E.R.,6755895,297129,,https://www.last.fm/music/H.E.R.,0,"rnb, soul, seen live"
Declan Mckenna,6145849,296944,,https://www.last.fm/music/Declan+Mckenna,0,"seen live, indie, indie pop"
Wallows,8420416,291225,,https://www.last.fm/music/Wallows,0,"indie, rock, alternative"
6LACK,9238117,290520,,https://www.last.fm/music/6LACK,0,"rnb, rap, Hip-Hop"
Conan Gray,10019696,289883,,https://www.last.fm/music/Conan+Gray,0,"indie, pop, indie pop"
A Boogie Wit da Hoodie,9982281,284774,,https://www.last.fm/music/A+Boogie+Wit+da+Hoodie,0,"Hip-Hop, rap, hip hop"
Lil Yachty,7708099,283909,,https://www.last.fm/music/Lil+Yachty,0,"trap, Hip-Hop, rap"
Kids See Ghosts,12344752,279808,,https://www.last.fm/music/Kids+See+Ghosts,0,"Hip-Hop, rap, hip hop"
Tori Kelly,4079459,279244,e4b87494-a5eb-439d-b3bf-5f1b46d4dc6b,https://www.last.fm/music/Tori+Kelly,0,"pop, female vocalists, singer-songwriter"
Bad Bunny,11923378,277338,,https://www.last.fm/music/Bad+Bunny,0,"trap, latin, Reggaeton"
LIL PUMP,5714329,276288,,https://www.last.fm/music/LIL+PUMP,0,"Hip-Hop, trap, rap"
Girl In Red,6450176,275069,,https://www.last.fm/music/Girl+In+Red,0,"indie, dream pop, Lo-Fi"
Anitta,27144593,272848,d606b860-cc03-4959-a3fd-3a24bccf2560,https://www.last.fm/music/Anitta,0,"pop, brazilian, funk"
Lil Baby,11763709,271594,,https://www.last.fm/music/Lil+Baby,0,"trap, atlanta, Hip-Hop"
Bea Miller,5039543,270940,5b0d71ae-eb06-4be1-adbe-89d8fb73a574,https://www.last.fm/music/Bea+Miller,0,"pop, female vocalists, rock"
Madison Beer,5169447,265316,749ef494-8518-4b49-b685-63d8e728d25c,https://www.last.fm/music/Madison+Beer,0,"pop, female vocalists, indie"
Steve Lacy,5287472,263447,ca9766a0-1c30-43e6-a213-bac1334efc4a,https://www.last.fm/music/Steve+Lacy,0,"jazz, free jazz, saxophone"
Trippie Redd,15234809,262571,,https://www.last.fm/music/Trippie+Redd,0,"Hip-Hop, trap, rap"
Jaden,8450653,261914,,https://www.last.fm/music/Jaden,0,"Hip-Hop, rap, trap"
Allie X,11735175,261323,,https://www.last.fm/music/Allie+X,0,"synthpop, electropop, pop"
Dominic Fike,6509575,259346,,https://www.last.fm/music/Dominic+Fike,0,"indie, alternative, indie pop"
NAV,8390132,257235,8cc34dfe-aa43-4245-bc3b-8b09bc76df65,https://www.last.fm/music/NAV,0,"black metal, Hip-Hop, rap"
Maluma,5613696,255119,e8979f75-9110-4df8-ac70-898898d080d1,https://www.last.fm/music/Maluma,0,"mierda, Brutal Death Metal, black metal"
Kevin Abstract,9168502,252337,,https://www.last.fm/music/Kevin+Abstract,0,"Hip-Hop, hip hop, rnb"
Jeremy Zucker,6454203,240640,,https://www.last.fm/music/Jeremy+Zucker,0,"Hip-Hop, indie, american"
Rina Sawayama,13765370,239827,,https://www.last.fm/music/Rina+Sawayama,0,"pop, rnb, electropop"
$uicideboy$,32835837,239814,,https://www.last.fm/music/$uicideboy$,0,"cloud rap, Hip-Hop, rap"
SKI MASK THE SLUMP GOD,9075661,237287,,https://www.last.fm/music/SKI+MASK+THE+SLUMP+GOD,0,"Hip-Hop, trap, rap"
Have a Nice Life,10803834,235400,70923a5d-d3ba-4ef7-9064-ea5f709aa076,https://www.last.fm/music/Have+a+Nice+Life,0,"shoegaze, post-rock, drone"
Dan + Shay,3284685,234955,6a2d48d4-25c0-483d-b135-680af589a4ae,https://www.last.fm/music/Dan+%252B+Shay,0,"country, american, country pop"
benee,3489714,234212,,https://www.last.fm/music/benee,0,"pop, indie, indie pop"
JPEGMAFIA,18684760,232954,,https://www.last.fm/music/JPEGMAFIA,0,"Hip-Hop, experimental, glitch hop"
Still Woozy,4921928,228757,,https://www.last.fm/music/Still+Woozy,0,"Lo-Fi, indie, indie pop"
lil Mosey,4762143,226596,,https://www.last.fm/music/lil+Mosey,0,"Hip-Hop, rap, cloud rap"
Japanese Breakfast,5664490,226078,,https://www.last.fm/music/Japanese+Breakfast,0,"dream pop, indie, indie pop"
Don Toliver,7230173,225358,,https://www.last.fm/music/Don+Toliver,0,"rap, trap, Hip-Hop"
Trevor Daniel,3305715,222716,,https://www.last.fm/music/Trevor+Daniel,0,"pop, rnb, Hip-Hop"
Kim Petras,16495207,219914,,https://www.last.fm/music/Kim+Petras,0,"pop, german, female vocalists"
Oliver Tree,5935313,217547,,https://www.last.fm/music/Oliver+Tree,0,"electronic, Hip-Hop, electropop"
Red Velvet,37041048,215583,4f0cb3b7-6c06-4317-ae35-ddf3106a17ee,https://www.last.fm/music/Red+Velvet,0,"k-pop, Kpop, Korean"
Pop Smoke,12678794,214394,,https://www.last.fm/music/Pop+Smoke,0,"rap, Hip-Hop, trap"
Metro Boomin,6963561,209692,,https://www.last.fm/music/Metro+Boomin,0,"trap, Hip-Hop, rap"
Lil Tecca,4691053,208228,,https://www.last.fm/music/Lil+Tecca,0,"Hip-Hop, rap, trap"
Exo,44740036,204513,f2f9845c-6803-4451-a10e-9c6673608667,https://www.last.fm/music/Exo,0,"k-pop, Korean, exo"
TWICE,34882599,203526,d594ff3d-d3ca-4d2e-bb6a-a7dada9af0c5,https://www.last.fm/music/TWICE,0,"k-pop, Kpop, Korean"
Powfu,2329669,203209,,https://www.last.fm/music/Powfu,0,"Hip-Hop, Lo-Fi, rap"
100 gecs,12560983,202639,,https://www.last.fm/music/100+gecs,0,"bubblegum bass, experimental, electronic"
Teyana Taylor,3491235,201954,c7eb03c1-f8cb-4815-afc8-46df3b253129,https://www.last.fm/music/Teyana+Taylor,0,"rnb, Hip-Hop, hip hop"
Rich Brian,6296098,200825,,https://www.last.fm/music/Rich+Brian,0,"Hip-Hop, rap, trap"
Jack Harlow,3420012,199235,,https://www.last.fm/music/Jack+Harlow,0,"Hip-Hop, rap, trap"
IU,15532298,195273,b9545342-1e6d-4dae-84ac-013374ad8d7c,https://www.last.fm/music/IU,0,"k-pop, Korean, female vocalists"
CamelPhat,1663049,193349,61314ff2-7b52-4296-a0b8-af61dc08bdd1,https://www.last.fm/music/CamelPhat,0,"House, electronic, tech house"
beabadoobee,3370181,190524,,https://www.last.fm/music/beabadoobee,0,"indie pop, bedroom pop, Lo-Fi"
masego,2749351,188893,,https://www.last.fm/music/masego,0,"jazz, rnb, electronic"
Saweetie,2494654,186142,,https://www.last.fm/music/Saweetie,0,"better than selena gomez, urban, female rapper"
Maren Morris,2598482,183273,,https://www.last.fm/music/Maren+Morris,0,"country, seen live, pop"
Gunna,9368577,183169,,https://www.last.fm/music/Gunna,0,"Hip-Hop, rap, trap"
FINNEAS,3259039,182005,,https://www.last.fm/music/FINNEAS,0,"alternative, indie pop, singer-songwriter"
Roy Woods,3262942,181859,,https://www.last.fm/music/Roy+Woods,0,"rnb, ovo, Hip-Hop"
Chloe x Halle,7353767,181483,,https://www.last.fm/music/Chloe+x+Halle,0,"rnb, soul, pop"
Hayley Williams,5176170,181114,b4b5b5a7-feff-47d0-9458-83d0d135a692,https://www.last.fm/music/Hayley+Williams,0,"rock, female vocalists, alternative rock"
Topic,1330658,180948,,https://www.last.fm/music/Topic,0,"Hip-Hop, rap, electronic"
Jessie Reyez,2391143,179879,,https://www.last.fm/music/Jessie+Reyez,0,"pop, rnb, soul"
Wun Two,2672159,179711,2e5fa0a4-55fb-4781-aae1-59522e677981,https://www.last.fm/music/Wun+Two,0,"instrumental hip-hop, beats, Hip-Hop"
Bicep,2489001,176225,10e8f0df-90f9-4957-aedd-c4e0d187e3a8,https://www.last.fm/music/Bicep,0,"House, deep house, electronic"
Injury Reserve,5529959,174935,,https://www.last.fm/music/Injury+Reserve,0,"experimental hip hop, hip hop, rap"
mxmtoon,2837304,170832,,https://www.last.fm/music/mxmtoon,0,"indie, Lo-Fi, singer-songwriter"
24kgoldn,1988593,170461,,https://www.last.fm/music/24kgoldn,0,"Hip-Hop, electronic, pop"
Swum,1903184,164782,,https://www.last.fm/music/Swum,0,"Lo-Fi, beats, american"
Her's,2338740,164741,,https://www.last.fm/music/Her%27s,0,"dream pop, indie, post-punk"
JackBoys,3722652,163696,,https://www.last.fm/music/JackBoys,0,"rap, trap, Hip-Hop"
Dayglow,2294592,160952,2bee95a7-1c0e-4b3c-99a5-4857d9d776dd,https://www.last.fm/music/Dayglow,0,"alternative, indie, indie pop"
PNB Rock,2161740,159761,,https://www.last.fm/music/PNB+Rock,0,"pnb rock, Hip-Hop, hip hop"
Sevdaliza,4066867,156496,,https://www.last.fm/music/Sevdaliza,0,"rnb, electronic, pop"
Rico Nasty,4148381,156477,,https://www.last.fm/music/Rico+Nasty,0,"Hip-Hop, trap, rap"
Modern Baseball,10506455,155979,e3513b4f-2a13-45f5-8ead-e79b1af0bf68,https://www.last.fm/music/Modern+Baseball,0,"emo, pop punk, indie"
Lisa,5878483,154636,fde67432-278f-4a41-9e2f-0d1b35d8a3dc,https://www.last.fm/music/Lisa,0,"j-pop, japanese, female vocalists"
JP Saxe,1399111,149177,,https://www.last.fm/music/JP+Saxe,0,"indie, singer-songwriter, pop"
Polo G,5599770,148342,,https://www.last.fm/music/Polo+G,0,"Hip-Hop, rap, american"
Ludmilla,7184453,129733,ecd5421a-864f-494a-adc4-a14dd9f0336e,https://www.last.fm/music/Ludmilla,0,"funk, brazil, brazilian"
Huncho Jack,3390586,127504,,https://www.last.fm/music/Huncho+Jack,0,"trap, rap, Hip-Hop"
(G)I-DLE,8016073,124651,,https://www.last.fm/music/(G)I-DLE,0,"k-pop, girl group, Korean"
Tate McRae,1165303,124037,,https://www.last.fm/music/Tate+McRae,0,"pop, electropop, electronic"
Itzy,9614183,121716,,https://www.last.fm/music/Itzy,0,"k-pop, Kpop, pop"
Kane Brown,1629091,118116,,https://www.last.fm/music/Kane+Brown,0,"country, treble, youngstar"
Jawsh 685,734949,116282,,https://www.last.fm/music/Jawsh+685,0,"Hip-Hop, electronic, pop"
Tessa Violet,3290012,115877,b4246b6b-b1fd-4401-b438-d12f98e5e2a4,https://www.last.fm/music/Tessa+Violet,0,"pop, indie pop, russian"
K/DA,2739135,114052,,https://www.last.fm/music/K%2FDA,0,"k-pop, pop, league of legends"
Joel Corry,889046,110426,,https://www.last.fm/music/Joel+Corry,0,"EDM, electronic, House"
STRAY KIDS,16515060,109485,,https://www.last.fm/music/STRAY+KIDS,0,"k-pop, Kpop, pop"
Agust D,17733167,107385,,https://www.last.fm/music/Agust+D,0,"rap, Hip-Hop, Korean"
TOMORROW X TOGETHER,9792014,100598,,https://www.last.fm/music/TOMORROW+X+TOGETHER,0,"k-pop, Kpop, pop"
Internet Money,1368392,96023,,https://www.last.fm/music/Internet+Money,0,"rap, Hip-Hop, hip hop"
StaySolidRocky,592199,95118,,https://www.last.fm/music/StaySolidRocky,0,"Hip-Hop, rap, electronic"
$NOT,1850988,90213,,https://www.last.fm/music/$NOT,0,"Hip-Hop, rap, trap"
DAY6,11344337,89348,,https://www.last.fm/music/DAY6,0,"Korean, k-rock, rock"
IZ*ONE,8701321,81717,,https://www.last.fm/music/IZ%2AONE,0,"k-pop, j-pop, girl group"
Baekhyun,4524507,69624,,https://www.last.fm/music/Baekhyun,0,"k-pop, rnb, Korean"
Superm,2265399,64868,,https://www.last.fm/music/Superm,0,"k-pop, seen live, pop"
Cordae,362168,56948,,https://www.last.fm/music/Cordae,0,"rap, Hip-Hop, trap"
mulatto,430229,48786,,https://www.last.fm/music/mulatto,0,"Hip-Hop, rap, trap"
Niack,517465,46774,,https://www.last.fm/music/Niack,0,"funk, brazilian, baile funk"
Shelley FKA DRAM,58037,24576,,https://www.last.fm/music/Shelley+FKA+DRAM,0,
